TASK <Task pending name="message pump HorizontalGroup(classes='goal-execution-row')" coro=<MessagePump._process_messages() running at /home/ts/.local/share/agent-comms/runtime-registry-tools-20260928/lib/python3.14/site-packages/textual/message_pump.py:604> wait_for=<Future pending cb=[Task.task_wakeup()]>>
AT /home/ts/.local/share/agent-comms/runtime-registry-tools-20260928/lib/python3.14/site-packages/textual/message_pump.py 604
TASK <Task pending name='message pump ChannelUnread()' coro=<MessagePump._process_messages() running at /home/ts/.local/share/agent-comms/runtime-registry-tools-20260928/lib/python3.14/site-packages/textual/message_pump.py:604> wait_for=<Future pending cb=[Task.task_wakeup()]>>
AT /home/ts/.local/share/agent-comms/runtime-registry-tools-20260928/lib/python3.14/site-packages/textual/message_pump.py 604
TASK <Task pending name="message pump ThreadRow(classes='-wire-thread')" coro=<MessagePump._process_messages() running at /home/ts/.local/share/agent-comms/runtime-registry-tools-20260928/lib/python3.14/site-packages/textual/message_pump.py:604> wait_for=<Future pending cb=[Task.task_wakeup()]>>
AT /home/ts/.local/share/agent-comms/runtime-registry-tools-20260928/lib/python3.14/site-packages/textual/message_pump.py 604
TASK <Task pending name="message pump ThreadRow(classes='-wire-thread')" coro=<MessagePump._process_messages() running at /home/ts/.local/share/agent-comms/runtime-registry-tools-20260928/lib/python3.14/site-packages/textual/message_pump.py:604> wait_for=<Future pending cb=[Task.task_wakeup()]>>
AT /home/ts/.local/share/agent-comms/runtime-registry-tools-20260928/lib/python3.14/site-packages/textual/message_pump.py 604
TASK <Task pending name='message pump ContentsGrid()' coro=<MessagePump._process_messages() running at /home/ts/.local/share/agent-comms/runtime-registry-tools-20260928/lib/python3.14/site-packages/textual/message_pump.py:604> wait_for=<Future pending cb=[Task.task_wakeup()]>>
AT /home/ts/.local/share/agent-comms/runtime-registry-tools-20260928/lib/python3.14/site-packages/textual/message_pump.py 604
TASK <Task pending name="message pump SidebarMembers(classes='group-members channel-members')" coro=<MessagePump._process_messages() running at /home/ts/.local/share/agent-comms/runtime-registry-tools-20260928/lib/python3.14/site-packages/textual/message_pump.py:604> wait_for=<Future pending cb=[Task.task_wakeup()]>>
AT /home/ts/.local/share/agent-comms/runtime-registry-tools-20260928/lib/python3.14/site-packages/textual/message_pump.py 604
TASK <Task pending name="message pump ThreadRow(classes='-wire-thread')" coro=<MessagePump._process_messages() running at /home/ts/.local/share/agent-comms/runtime-registry-tools-20260928/lib/python3.14/site-packages/textual/message_pump.py:604> wait_for=<Future pending cb=[Task.task_wakeup()]>>
AT /home/ts/.local/share/agent-comms/runtime-registry-tools-20260928/lib/python3.14/site-packages/textual/message_pump.py 604
TASK <Task pending name="message pump ThreadRow(classes='-wire-thread')" coro=<MessagePump._process_messages() running at /home/ts/.local/share/agent-comms/runtime-registry-tools-20260928/lib/python3.14/site-packages/textual/message_pump.py:604> wait_for=<Future pending cb=[Task.task_wakeup()]>>
AT /home/ts/.local/share/agent-comms/runtime-registry-tools-20260928/lib/python3.14/site-packages/textual/message_pump.py 604
TASK <Task pending name="message pump AgentResponse(classes='block')" coro=<MessagePump._process_messages() running at /home/ts/.local/share/agent-comms/runtime-registry-tools-20260928/lib/python3.14/site-packages/textual/message_pump.py:604> wait_for=<Future pending cb=[Task.task_wakeup()]>>
AT /home/ts/.local/share/agent-comms/runtime-registry-tools-20260928/lib/python3.14/site-packages/textual/message_pump.py 604
TASK <Task pending name="message pump ThreadSidebar(id='thread-sidebar', classes='-right')" coro=<MessagePump._process_messages() running at /home/ts/.local/share/agent-comms/runtime-registry-tools-20260928/lib/python3.14/site-packages/textual/message_pump.py:604> wait_for=<Future pending cb=[Task.task_wakeup()]>>
AT /home/ts/.local/share/agent-comms/runtime-registry-tools-20260928/lib/python3.14/site-packages/textual/message_pump.py 604
TASK <Task pending name="message pump PromptContainer(id='prompt-container')" coro=<MessagePump._process_messages() running at /home/ts/.local/share/agent-comms/runtime-registry-tools-20260928/lib/python3.14/site-packages/textual/message_pump.py:604> wait_for=<Future pending cb=[Task.task_wakeup()]>>
AT /home/ts/.local/share/agent-comms/runtime-registry-tools-20260928/lib/python3.14/site-packages/textual/message_pump.py 604
TASK <Task pending name="message pump ThreadRow(classes='-wire-thread')" coro=<MessagePump._process_messages() running at /home/ts/.local/share/agent-comms/runtime-registry-tools-20260928/lib/python3.14/site-packages/textual/message_pump.py:604> wait_for=<Future pending cb=[Task.task_wakeup()]>>
AT /home/ts/.local/share/agent-comms/runtime-registry-tools-20260928/lib/python3.14/site-packages/textual/message_pump.py 604
TASK <Task pending name="message pump ThreadRow(classes='-wire-thread')" coro=<MessagePump._process_messages() running at /home/ts/.local/share/agent-comms/runtime-registry-tools-20260928/lib/python3.14/site-packages/textual/message_pump.py:604> wait_for=<Future pending cb=[Task.task_wakeup()]>>
AT /home/ts/.local/share/agent-comms/runtime-registry-tools-20260928/lib/python3.14/site-packages/textual/message_pump.py 604
TASK <Task pending name='message pump ScrollBarCorner()' coro=<MessagePump._process_messages() running at /home/ts/.local/share/agent-comms/runtime-registry-tools-20260928/lib/python3.14/site-packages/textual/message_pump.py:604> wait_for=<Future pending cb=[Task.task_wakeup()]>>
AT /home/ts/.local/share/agent-comms/runtime-registry-tools-20260928/lib/python3.14/site-packages/textual/message_pump.py 604
TASK <Task pending name="message pump Vertical(id='session-content')" coro=<MessagePump._process_messages() running at /home/ts/.local/share/agent-comms/runtime-registry-tools-20260928/lib/python3.14/site-packages/textual/message_pump.py:604> wait_for=<Future pending cb=[Task.task_wakeup()]>>
AT /home/ts/.local/share/agent-comms/runtime-registry-tools-20260928/lib/python3.14/site-packages/textual/message_pump.py 604
TASK <Task pending name="message pump MainMenuButton(id='main-menu')" coro=<MessagePump._process_messages() running at /home/ts/.local/share/agent-comms/runtime-registry-tools-20260928/lib/python3.14/site-packages/textual/message_pump.py:604> wait_for=<Future pending cb=[Task.task_wakeup()]>>
AT /home/ts/.local/share/agent-comms/runtime-registry-tools-20260928/lib/python3.14/site-packages/textual/message_pump.py 604
TASK <Task pending name='message pump SendNow()' coro=<MessagePump._process_messages() running at /home/ts/.local/share/agent-comms/runtime-registry-tools-20260928/lib/python3.14/site-packages/textual/message_pump.py:604> wait_for=<Future pending cb=[Task.task_wakeup()]>>
AT /home/ts/.local/share/agent-comms/runtime-registry-tools-20260928/lib/python3.14/site-packages/textual/message_pump.py 604
TASK <Task pending name="message pump Static(classes='message')" coro=<MessagePump._process_messages() running at /home/ts/.local/share/agent-comms/runtime-registry-tools-20260928/lib/python3.14/site-packages/textual/message_pump.py:604> wait_for=<Future pending cb=[Task.task_wakeup()]>>
AT /home/ts/.local/share/agent-comms/runtime-registry-tools-20260928/lib/python3.14/site-packages/textual/message_pump.py 604
TASK <Task pending name="message pump ThreadRow(classes='-wire-thread')" coro=<MessagePump._process_messages() running at /home/ts/.local/share/agent-comms/runtime-registry-tools-20260928/lib/python3.14/site-packages/textual/message_pump.py:604> wait_for=<Future pending cb=[Task.task_wakeup()]>>
AT /home/ts/.local/share/agent-comms/runtime-registry-tools-20260928/lib/python3.14/site-packages/textual/message_pump.py 604
TASK <Task pending name="message pump ThreadRow(classes='-wire-thread')" coro=<MessagePump._process_messages() running at /home/ts/.local/share/agent-comms/runtime-registry-tools-20260928/lib/python3.14/site-packages/textual/message_pump.py:604> wait_for=<Future pending cb=[Task.task_wakeup()]>>
AT /home/ts/.local/share/agent-comms/runtime-registry-tools-20260928/lib/python3.14/site-packages/textual/message_pump.py 604
TASK <Task pending name='message pump StandbyPulse()' coro=<MessagePump._process_messages() running at /home/ts/.local/share/agent-comms/runtime-registry-tools-20260928/lib/python3.14/site-packages/textual/message_pump.py:604> wait_for=<Future pending cb=[Task.task_wakeup()]>>
AT /home/ts/.local/share/agent-comms/runtime-registry-tools-20260928/lib/python3.14/site-packages/textual/message_pump.py 604
TASK <Task pending name="message pump ThreadRow(classes='-wire-thread')" coro=<MessagePump._process_messages() running at /home/ts/.local/share/agent-comms/runtime-registry-tools-20260928/lib/python3.14/site-packages/textual/message_pump.py:604> wait_for=<Future pending cb=[Task.task_wakeup()]>>
AT /home/ts/.local/share/agent-comms/runtime-registry-tools-20260928/lib/python3.14/site-packages/textual/message_pump.py 604
TASK <Task pending name="message pump ThreadRow(classes='-wire-thread')" coro=<MessagePump._process_messages() running at /home/ts/.local/share/agent-comms/runtime-registry-tools-20260928/lib/python3.14/site-packages/textual/message_pump.py:604> wait_for=<Future pending cb=[Task.task_wakeup()]>>
AT /home/ts/.local/share/agent-comms/runtime-registry-tools-20260928/lib/python3.14/site-packages/textual/message_pump.py 604
TASK <Task pending name='message pump StatusLine()' coro=<MessagePump._process_messages() running at /home/ts/.local/share/agent-comms/runtime-registry-tools-20260928/lib/python3.14/site-packages/textual/message_pump.py:604> wait_for=<Future pending cb=[Task.task_wakeup()]>>
AT /home/ts/.local/share/agent-comms/runtime-registry-tools-20260928/lib/python3.14/site-packages/textual/message_pump.py 604
TASK <Task pending name="message pump SidebarHeader(classes='group-header')" coro=<MessagePump._process_messages() running at /home/ts/.local/share/agent-comms/runtime-registry-tools-20260928/lib/python3.14/site-packages/textual/message_pump.py:604> wait_for=<Future pending cb=[Task.task_wakeup()]>>
AT /home/ts/.local/share/agent-comms/runtime-registry-tools-20260928/lib/python3.14/site-packages/textual/message_pump.py 604
TASK <Task pending name="message pump ThreadRow(classes='-wire-thread')" coro=<MessagePump._process_messages() running at /home/ts/.local/share/agent-comms/runtime-registry-tools-20260928/lib/python3.14/site-packages/textual/message_pump.py:604> wait_for=<Future pending cb=[Task.task_wakeup()]>>
AT /home/ts/.local/share/agent-comms/runtime-registry-tools-20260928/lib/python3.14/site-packages/textual/message_pump.py 604
TASK <Task pending name="message pump ThreadRow(classes='-wire-thread')" coro=<MessagePump._process_messages() running at /home/ts/.local/share/agent-comms/runtime-registry-tools-20260928/lib/python3.14/site-packages/textual/message_pump.py:604> wait_for=<Future pending cb=[Task.task_wakeup()]>>
AT /home/ts/.local/share/agent-comms/runtime-registry-tools-20260928/lib/python3.14/site-packages/textual/message_pump.py 604
TASK <Task pending name='message pump Horizontal()' coro=<MessagePump._process_messages() running at /home/ts/.local/share/agent-comms/runtime-registry-tools-20260928/lib/python3.14/site-packages/textual/message_pump.py:604> wait_for=<Future pending cb=[Task.task_wakeup()]>>
AT /home/ts/.local/share/agent-comms/runtime-registry-tools-20260928/lib/python3.14/site-packages/textual/message_pump.py 604
TASK <Task pending name="message pump Horizontal(id='tab-navigation-header')" coro=<MessagePump._process_messages() running at /home/ts/.local/share/agent-comms/runtime-registry-tools-20260928/lib/python3.14/site-packages/textual/message_pump.py:604> wait_for=<Future pending cb=[Task.task_wakeup()]>>
AT /home/ts/.local/share/agent-comms/runtime-registry-tools-20260928/lib/python3.14/site-packages/textual/message_pump.py 604
TASK <Task pending name='message pump MarkdownBullet()' coro=<MessagePump._process_messages() running at /home/ts/.local/share/agent-comms/runtime-registry-tools-20260928/lib/python3.14/site-packages/textual/message_pump.py:604> wait_for=<Future pending cb=[Task.task_wakeup()]>>
AT /home/ts/.local/share/agent-comms/runtime-registry-tools-20260928/lib/python3.14/site-packages/textual/message_pump.py 604
TASK <Task pending name="message pump SessionTabClose(id='close-session-1')" coro=<MessagePump._process_messages() running at /home/ts/.local/share/agent-comms/runtime-registry-tools-20260928/lib/python3.14/site-packages/textual/message_pump.py:604> wait_for=<Future pending cb=[Task.task_wakeup()]>>
AT /home/ts/.local/share/agent-comms/runtime-registry-tools-20260928/lib/python3.14/site-packages/textual/message_pump.py 604
TASK <Task pending name="message pump HorizontalGroup(id='info-container')" coro=<MessagePump._process_messages() running at /home/ts/.local/share/agent-comms/runtime-registry-tools-20260928/lib/python3.14/site-packages/textual/message_pump.py:604> wait_for=<Future pending cb=[Task.task_wakeup()]>>
AT /home/ts/.local/share/agent-comms/runtime-registry-tools-20260928/lib/python3.14/site-packages/textual/message_pump.py 604
TASK <Task pending name="message pump ThreadRow(classes='-wire-thread')" coro=<MessagePump._process_messages() running at /home/ts/.local/share/agent-comms/runtime-registry-tools-20260928/lib/python3.14/site-packages/textual/message_pump.py:604> wait_for=<Future pending cb=[Task.task_wakeup()]>>
AT /home/ts/.local/share/agent-comms/runtime-registry-tools-20260928/lib/python3.14/site-packages/textual/message_pump.py 604
TASK <Task pending name="message pump ThreadRow(classes='-wire-thread')" coro=<MessagePump._process_messages() running at /home/ts/.local/share/agent-comms/runtime-registry-tools-20260928/lib/python3.14/site-packages/textual/message_pump.py:604> wait_for=<Future pending cb=[Task.task_wakeup()]>>
AT /home/ts/.local/share/agent-comms/runtime-registry-tools-20260928/lib/python3.14/site-packages/textual/message_pump.py 604
TASK <Task pending name="message pump MarkdownH2(id='heading-original-request-140427671530832', name='heading_open', classes='level-0')" coro=<MessagePump._process_messages() running at /home/ts/.local/share/agent-comms/runtime-registry-tools-20260928/lib/python3.14/site-packages/textual/message_pump.py:604> wait_for=<Future pending cb=[Task.task_wakeup()]>>
AT /home/ts/.local/share/agent-comms/runtime-registry-tools-20260928/lib/python3.14/site-packages/textual/message_pump.py 604
TASK <Task pending name="message pump Vertical(id='pending-thread-content')" coro=<MessagePump._process_messages() running at /home/ts/.local/share/agent-comms/runtime-registry-tools-20260928/lib/python3.14/site-packages/textual/message_pump.py:604> wait_for=<Future pending cb=[Task.task_wakeup()]>>
AT /home/ts/.local/share/agent-comms/runtime-registry-tools-20260928/lib/python3.14/site-packages/textual/message_pump.py 604
TASK <Task pending name='message pump ModeInfo()' coro=<MessagePump._process_messages() running at /home/ts/.local/share/agent-comms/runtime-registry-tools-20260928/lib/python3.14/site-packages/textual/message_pump.py:604> wait_for=<Future pending cb=[Task.task_wakeup()]>>
AT /home/ts/.local/share/agent-comms/runtime-registry-tools-20260928/lib/python3.14/site-packages/textual/message_pump.py 604
TASK <Task pending name="message pump SidebarMembers(classes='group-members channel-members')" coro=<MessagePump._process_messages() running at /home/ts/.local/share/agent-comms/runtime-registry-tools-20260928/lib/python3.14/site-packages/textual/message_pump.py:604> wait_for=<Future pending cb=[Task.task_wakeup()]>>
AT /home/ts/.local/share/agent-comms/runtime-registry-tools-20260928/lib/python3.14/site-packages/textual/message_pump.py 604
TASK <Task pending name="message pump ThreadRow(classes='-wire-thread')" coro=<MessagePump._process_messages() running at /home/ts/.local/share/agent-comms/runtime-registry-tools-20260928/lib/python3.14/site-packages/textual/message_pump.py:604> wait_for=<Future pending cb=[Task.task_wakeup()]>>
AT /home/ts/.local/share/agent-comms/runtime-registry-tools-20260928/lib/python3.14/site-packages/textual/message_pump.py 604
TASK <Task pending name="message pump ThreadRow(classes='-wire-thread')" coro=<MessagePump._process_messages() running at /home/ts/.local/share/agent-comms/runtime-registry-tools-20260928/lib/python3.14/site-packages/textual/message_pump.py:604> wait_for=<Future pending cb=[Task.task_wakeup()]>>
AT /home/ts/.local/share/agent-comms/runtime-registry-tools-20260928/lib/python3.14/site-packages/textual/message_pump.py 604
TASK <Task pending name='message pump Vertical()' coro=<MessagePump._process_messages() running at /home/ts/.local/share/agent-comms/runtime-registry-tools-20260928/lib/python3.14/site-packages/textual/message_pump.py:604> wait_for=<Future pending cb=[Task.task_wakeup()]>>
AT /home/ts/.local/share/agent-comms/runtime-registry-tools-20260928/lib/python3.14/site-packages/textual/message_pump.py 604
TASK <Task pending name='message pump ThreadLoading()' coro=<MessagePump._process_messages() running at /home/ts/.local/share/agent-comms/runtime-registry-tools-20260928/lib/python3.14/site-packages/textual/message_pump.py:604> wait_for=<Future pending cb=[Task.task_wakeup()]>>
AT /home/ts/.local/share/agent-comms/runtime-registry-tools-20260928/lib/python3.14/site-packages/textual/message_pump.py 604
TASK <Task pending name="message pump SidebarMembers(classes='group-members channel-members')" coro=<MessagePump._process_messages() running at /home/ts/.local/share/agent-comms/runtime-registry-tools-20260928/lib/python3.14/site-packages/textual/message_pump.py:604> wait_for=<Future pending cb=[Task.task_wakeup()]>>
AT /home/ts/.local/share/agent-comms/runtime-registry-tools-20260928/lib/python3.14/site-packages/textual/message_pump.py 604
TASK <Task pending name="message pump ThreadRow(classes='-wire-thread')" coro=<MessagePump._process_messages() running at /home/ts/.local/share/agent-comms/runtime-registry-tools-20260928/lib/python3.14/site-packages/textual/message_pump.py:604> wait_for=<Future pending cb=[Task.task_wakeup()]>>
AT /home/ts/.local/share/agent-comms/runtime-registry-tools-20260928/lib/python3.14/site-packages/textual/message_pump.py 604
TASK <Task pending name="message pump ThreadRow(classes='-wire-thread')" coro=<MessagePump._process_messages() running at /home/ts/.local/share/agent-comms/runtime-registry-tools-20260928/lib/python3.14/site-packages/textual/message_pump.py:604> wait_for=<Future pending cb=[Task.task_wakeup()]>>
AT /home/ts/.local/share/agent-comms/runtime-registry-tools-20260928/lib/python3.14/site-packages/textual/message_pump.py 604
TASK <Task pending name="message pump Screen(id='_default')" coro=<MessagePump._process_messages() running at /home/ts/.local/share/agent-comms/runtime-registry-tools-20260928/lib/python3.14/site-packages/textual/message_pump.py:604> wait_for=<Future pending cb=[Task.task_wakeup()]>>
AT /home/ts/.local/share/agent-comms/runtime-registry-tools-20260928/lib/python3.14/site-packages/textual/message_pump.py 604
TASK <Task pending name='message pump Vertical()' coro=<MessagePump._process_messages() running at /home/ts/.local/share/agent-comms/runtime-registry-tools-20260928/lib/python3.14/site-packages/textual/message_pump.py:604> wait_for=<Future pending cb=[Task.task_wakeup()]>>
AT /home/ts/.local/share/agent-comms/runtime-registry-tools-20260928/lib/python3.14/site-packages/textual/message_pump.py 604
TASK <Task pending name='message pump Center()' coro=<MessagePump._process_messages() running at /home/ts/.local/share/agent-comms/runtime-registry-tools-20260928/lib/python3.14/site-packages/textual/message_pump.py:604> wait_for=<Future pending cb=[Task.task_wakeup()]>>
AT /home/ts/.local/share/agent-comms/runtime-registry-tools-20260928/lib/python3.14/site-packages/textual/message_pump.py 604
TASK <Task pending name="message pump ThreadRow(classes='-wire-thread')" coro=<MessagePump._process_messages() running at /home/ts/.local/share/agent-comms/runtime-registry-tools-20260928/lib/python3.14/site-packages/textual/message_pump.py:604> wait_for=<Future pending cb=[Task.task_wakeup()]>>
AT /home/ts/.local/share/agent-comms/runtime-registry-tools-20260928/lib/python3.14/site-packages/textual/message_pump.py 604
TASK <Task pending name="message pump ThreadRow(classes='-wire-thread')" coro=<MessagePump._process_messages() running at /home/ts/.local/share/agent-comms/runtime-registry-tools-20260928/lib/python3.14/site-packages/textual/message_pump.py:604> wait_for=<Future pending cb=[Task.task_wakeup()]>>
AT /home/ts/.local/share/agent-comms/runtime-registry-tools-20260928/lib/python3.14/site-packages/textual/message_pump.py 604
TASK <Task pending name='message pump SelectionOptionList()' coro=<MessagePump._process_messages() running at /home/ts/.local/share/agent-comms/runtime-registry-tools-20260928/lib/python3.14/site-packages/textual/message_pump.py:604> wait_for=<Future pending cb=[Task.task_wakeup()]>>
AT /home/ts/.local/share/agent-comms/runtime-registry-tools-20260928/lib/python3.14/site-packages/textual/message_pump.py 604
TASK <Task pending name="message pump ThreadRow(classes='-wire-thread')" coro=<MessagePump._process_messages() running at /home/ts/.local/share/agent-comms/runtime-registry-tools-20260928/lib/python3.14/site-packages/textual/message_pump.py:604> wait_for=<Future pending cb=[Task.task_wakeup()]>>
AT /home/ts/.local/share/agent-comms/runtime-registry-tools-20260928/lib/python3.14/site-packages/textual/message_pump.py 604
TASK <Task pending name="message pump ThreadRow(classes='-wire-thread')" coro=<MessagePump._process_messages() running at /home/ts/.local/share/agent-comms/runtime-registry-tools-20260928/lib/python3.14/site-packages/textual/message_pump.py:604> wait_for=<Future pending cb=[Task.task_wakeup()]>>
AT /home/ts/.local/share/agent-comms/runtime-registry-tools-20260928/lib/python3.14/site-packages/textual/message_pump.py 604
TASK <Task pending name='message pump Vertical()' coro=<MessagePump._process_messages() running at /home/ts/.local/share/agent-comms/runtime-registry-tools-20260928/lib/python3.14/site-packages/textual/message_pump.py:604> wait_for=<Future pending cb=[Task.task_wakeup()]>>
AT /home/ts/.local/share/agent-comms/runtime-registry-tools-20260928/lib/python3.14/site-packages/textual/message_pump.py 604
TASK <Task pending name="message pump Input(classes='-textual-compact')" coro=<MessagePump._process_messages() running at /home/ts/.local/share/agent-comms/runtime-registry-tools-20260928/lib/python3.14/site-packages/textual/message_pump.py:604> wait_for=<Future pending cb=[Task.task_wakeup()]>>
AT /home/ts/.local/share/agent-comms/runtime-registry-tools-20260928/lib/python3.14/site-packages/textual/message_pump.py 604
TASK <Task pending name="message pump SidebarHeader(classes='group-header')" coro=<MessagePump._process_messages() running at /home/ts/.local/share/agent-comms/runtime-registry-tools-20260928/lib/python3.14/site-packages/textual/message_pump.py:604> wait_for=<Future pending cb=[Task.task_wakeup()]>>
AT /home/ts/.local/share/agent-comms/runtime-registry-tools-20260928/lib/python3.14/site-packages/textual/message_pump.py 604
TASK <Task pending name="message pump ThreadRow(classes='-wire-thread')" coro=<MessagePump._process_messages() running at /home/ts/.local/share/agent-comms/runtime-registry-tools-20260928/lib/python3.14/site-packages/textual/message_pump.py:604> wait_for=<Future pending cb=[Task.task_wakeup()]>>
AT /home/ts/.local/share/agent-comms/runtime-registry-tools-20260928/lib/python3.14/site-packages/textual/message_pump.py 604
TASK <Task pending name="message pump ThreadRow(classes='-wire-thread')" coro=<MessagePump._process_messages() running at /home/ts/.local/share/agent-comms/runtime-registry-tools-20260928/lib/python3.14/site-packages/textual/message_pump.py:604> wait_for=<Future pending cb=[Task.task_wakeup()]>>
AT /home/ts/.local/share/agent-comms/runtime-registry-tools-20260928/lib/python3.14/site-packages/textual/message_pump.py 604
TASK <Task pending name='message pump SessionSort()' coro=<MessagePump._process_messages() running at /home/ts/.local/share/agent-comms/runtime-registry-tools-20260928/lib/python3.14/site-packages/textual/message_pump.py:604> wait_for=<Future pending cb=[Task.task_wakeup()]>>
AT /home/ts/.local/share/agent-comms/runtime-registry-tools-20260928/lib/python3.14/site-packages/textual/message_pump.py 604
TASK <Task pending name='message pump SessionSort()' coro=<MessagePump._process_messages() running at /home/ts/.local/share/agent-comms/runtime-registry-tools-20260928/lib/python3.14/site-packages/textual/message_pump.py:604> wait_for=<Future pending cb=[Task.task_wakeup()]>>
AT /home/ts/.local/share/agent-comms/runtime-registry-tools-20260928/lib/python3.14/site-packages/textual/message_pump.py 604
TASK <Task pending name='message pump SessionSort()' coro=<MessagePump._process_messages() running at /home/ts/.local/share/agent-comms/runtime-registry-tools-20260928/lib/python3.14/site-packages/textual/message_pump.py:604> wait_for=<Future pending cb=[Task.task_wakeup()]>>
AT /home/ts/.local/share/agent-comms/runtime-registry-tools-20260928/lib/python3.14/site-packages/textual/message_pump.py 604
TASK <Task pending name='message pump SessionSort()' coro=<MessagePump._process_messages() running at /home/ts/.local/share/agent-comms/runtime-registry-tools-20260928/lib/python3.14/site-packages/textual/message_pump.py:604> wait_for=<Future pending cb=[Task.task_wakeup()]>>
AT /home/ts/.local/share/agent-comms/runtime-registry-tools-20260928/lib/python3.14/site-packages/textual/message_pump.py 604
TASK <Task pending name="message pump ThreadRow(classes='-wire-thread')" coro=<MessagePump._process_messages() running at /home/ts/.local/share/agent-comms/runtime-registry-tools-20260928/lib/python3.14/site-packages/textual/message_pump.py:604> wait_for=<Future pending cb=[Task.task_wakeup()]>>
AT /home/ts/.local/share/agent-comms/runtime-registry-tools-20260928/lib/python3.14/site-packages/textual/message_pump.py 604
TASK <Task pending name="message pump ThreadRow(classes='-wire-thread')" coro=<MessagePump._process_messages() running at /home/ts/.local/share/agent-comms/runtime-registry-tools-20260928/lib/python3.14/site-packages/textual/message_pump.py:604> wait_for=<Future pending cb=[Task.task_wakeup()]>>
AT /home/ts/.local/share/agent-comms/runtime-registry-tools-20260928/lib/python3.14/site-packages/textual/message_pump.py 604
TASK <Task pending name='message pump Vertical()' coro=<MessagePump._process_messages() running at /home/ts/.local/share/agent-comms/runtime-registry-tools-20260928/lib/python3.14/site-packages/textual/message_pump.py:604> wait_for=<Future pending cb=[Task.task_wakeup()]>>
AT /home/ts/.local/share/agent-comms/runtime-registry-tools-20260928/lib/python3.14/site-packages/textual/message_pump.py 604
TASK <Task pending name="message pump VerticalScroll(classes='goal-document')" coro=<MessagePump._process_messages() running at /home/ts/.local/share/agent-comms/runtime-registry-tools-20260928/lib/python3.14/site-packages/textual/message_pump.py:604> wait_for=<Future pending cb=[Task.task_wakeup()]>>
AT /home/ts/.local/share/agent-comms/runtime-registry-tools-20260928/lib/python3.14/site-packages/textual/message_pump.py 604
TASK <Task pending name="message pump SidebarMembers(classes='group-members channel-members')" coro=<MessagePump._process_messages() running at /home/ts/.local/share/agent-comms/runtime-registry-tools-20260928/lib/python3.14/site-packages/textual/message_pump.py:604> wait_for=<Future pending cb=[Task.task_wakeup()]>>
AT /home/ts/.local/share/agent-comms/runtime-registry-tools-20260928/lib/python3.14/site-packages/textual/message_pump.py 604
TASK <Task pending name="message pump ThreadRow(classes='-wire-thread')" coro=<MessagePump._process_messages() running at /home/ts/.local/share/agent-comms/runtime-registry-tools-20260928/lib/python3.14/site-packages/textual/message_pump.py:604> wait_for=<Future pending cb=[Task.task_wakeup()]>>
AT /home/ts/.local/share/agent-comms/runtime-registry-tools-20260928/lib/python3.14/site-packages/textual/message_pump.py 604
TASK <Task pending name="message pump ThreadRow(classes='-wire-thread')" coro=<MessagePump._process_messages() running at /home/ts/.local/share/agent-comms/runtime-registry-tools-20260928/lib/python3.14/site-packages/textual/message_pump.py:604> wait_for=<Future pending cb=[Task.task_wakeup()]>>
AT /home/ts/.local/share/agent-comms/runtime-registry-tools-20260928/lib/python3.14/site-packages/textual/message_pump.py 604
TASK <Task pending name="message pump ThreadRow(classes='-wire-thread')" coro=<MessagePump._process_messages() running at /home/ts/.local/share/agent-comms/runtime-registry-tools-20260928/lib/python3.14/site-packages/textual/message_pump.py:604> wait_for=<Future pending cb=[Task.task_wakeup()]>>
AT /home/ts/.local/share/agent-comms/runtime-registry-tools-20260928/lib/python3.14/site-packages/textual/message_pump.py 604
TASK <Task pending name='auto refresh ThreadLoading()' coro=<Timer._run_timer() running at /home/ts/.local/share/agent-comms/runtime-registry-tools-20260928/lib/python3.14/site-packages/textual/timer.py:148> wait_for=<Future pending cb=[Task.task_wakeup()]>>
AT /home/ts/.local/share/agent-comms/runtime-registry-tools-20260928/lib/python3.14/site-packages/textual/timer.py 148
TASK <Task pending name="message pump ThreadRow(classes='-wire-thread')" coro=<MessagePump._process_messages() running at /home/ts/.local/share/agent-comms/runtime-registry-tools-20260928/lib/python3.14/site-packages/textual/message_pump.py:604> wait_for=<Future pending cb=[Task.task_wakeup()]>>
AT /home/ts/.local/share/agent-comms/runtime-registry-tools-20260928/lib/python3.14/site-packages/textual/message_pump.py 604
TASK <Task pending name='message pump ObservedThreadActivity()' coro=<MessagePump._process_messages() running at /home/ts/.local/share/agent-comms/runtime-registry-tools-20260928/lib/python3.14/site-packages/textual/message_pump.py:604> wait_for=<Future pending cb=[Task.task_wakeup()]>>
AT /home/ts/.local/share/agent-comms/runtime-registry-tools-20260928/lib/python3.14/site-packages/textual/message_pump.py 604
TASK <Task pending name="message pump ThreadRow(classes='-wire-thread')" coro=<MessagePump._process_messages() running at /home/ts/.local/share/agent-comms/runtime-registry-tools-20260928/lib/python3.14/site-packages/textual/message_pump.py:604> wait_for=<Future pending cb=[Task.task_wakeup()]>>
AT /home/ts/.local/share/agent-comms/runtime-registry-tools-20260928/lib/python3.14/site-packages/textual/message_pump.py 604
TASK <Task pending name='message pump Horizontal()' coro=<MessagePump._process_messages() running at /home/ts/.local/share/agent-comms/runtime-registry-tools-20260928/lib/python3.14/site-packages/textual/message_pump.py:604> wait_for=<Future pending cb=[Task.task_wakeup()]>>
AT /home/ts/.local/share/agent-comms/runtime-registry-tools-20260928/lib/python3.14/site-packages/textual/message_pump.py 604
TASK <Task pending name='message pump Vertical()' coro=<MessagePump._process_messages() running at /home/ts/.local/share/agent-comms/runtime-registry-tools-20260928/lib/python3.14/site-packages/textual/message_pump.py:604> wait_for=<Future pending cb=[Task.task_wakeup()]>>
AT /home/ts/.local/share/agent-comms/runtime-registry-tools-20260928/lib/python3.14/site-packages/textual/message_pump.py 604
TASK <Task pending name='message pump CollapsibleTitle()' coro=<MessagePump._process_messages() running at /home/ts/.local/share/agent-comms/runtime-registry-tools-20260928/lib/python3.14/site-packages/textual/message_pump.py:604> wait_for=<Future pending cb=[Task.task_wakeup()]>>
AT /home/ts/.local/share/agent-comms/runtime-registry-tools-20260928/lib/python3.14/site-packages/textual/message_pump.py 604
TASK <Task pending name='message pump Question()' coro=<MessagePump._process_messages() running at /home/ts/.local/share/agent-comms/runtime-registry-tools-20260928/lib/python3.14/site-packages/textual/message_pump.py:604> wait_for=<Future pending cb=[Task.task_wakeup()]>>
AT /home/ts/.local/share/agent-comms/runtime-registry-tools-20260928/lib/python3.14/site-packages/textual/message_pump.py 604
TASK <Task pending name='message pump ModeSwitcher()' coro=<MessagePump._process_messages() running at /home/ts/.local/share/agent-comms/runtime-registry-tools-20260928/lib/python3.14/site-packages/textual/message_pump.py:604> wait_for=<Future pending cb=[Task.task_wakeup()]>>
AT /home/ts/.local/share/agent-comms/runtime-registry-tools-20260928/lib/python3.14/site-packages/textual/message_pump.py 604
TASK <Task pending name="message pump SidebarHeader(classes='group-header')" coro=<MessagePump._process_messages() running at /home/ts/.local/share/agent-comms/runtime-registry-tools-20260928/lib/python3.14/site-packages/textual/message_pump.py:604> wait_for=<Future pending cb=[Task.task_wakeup()]>>
AT /home/ts/.local/share/agent-comms/runtime-registry-tools-20260928/lib/python3.14/site-packages/textual/message_pump.py 604
TASK <Task pending name="message pump ThreadRow(classes='-wire-thread')" coro=<MessagePump._process_messages() running at /home/ts/.local/share/agent-comms/runtime-registry-tools-20260928/lib/python3.14/site-packages/textual/message_pump.py:604> wait_for=<Future pending cb=[Task.task_wakeup()]>>
AT /home/ts/.local/share/agent-comms/runtime-registry-tools-20260928/lib/python3.14/site-packages/textual/message_pump.py 604
TASK <Task pending name="message pump SidebarResizeHandle(id='sidebar-resize-handle')" coro=<MessagePump._process_messages() running at /home/ts/.local/share/agent-comms/runtime-registry-tools-20260928/lib/python3.14/site-packages/textual/message_pump.py:604> wait_for=<Future pending cb=[Task.task_wakeup()]>>
AT /home/ts/.local/share/agent-comms/runtime-registry-tools-20260928/lib/python3.14/site-packages/textual/message_pump.py 604
TASK <Task pending name="message pump HorizontalGroup(id='title-container')" coro=<MessagePump._process_messages() running at /home/ts/.local/share/agent-comms/runtime-registry-tools-20260928/lib/python3.14/site-packages/textual/message_pump.py:604> wait_for=<Future pending cb=[Task.task_wakeup()]>>
AT /home/ts/.local/share/agent-comms/runtime-registry-tools-20260928/lib/python3.14/site-packages/textual/message_pump.py 604
TASK <Task pending name="message pump GoalText(classes='goal-execution')" coro=<MessagePump._process_messages() running at /home/ts/.local/share/agent-comms/runtime-registry-tools-20260928/lib/python3.14/site-packages/textual/message_pump.py:604> wait_for=<Future pending cb=[Task.task_wakeup()]>>
AT /home/ts/.local/share/agent-comms/runtime-registry-tools-20260928/lib/python3.14/site-packages/textual/message_pump.py 604
TASK <Task pending name="message pump ThreadRow(classes='-wire-thread')" coro=<MessagePump._process_messages() running at /home/ts/.local/share/agent-comms/runtime-registry-tools-20260928/lib/python3.14/site-packages/textual/message_pump.py:604> wait_for=<Future pending cb=[Task.task_wakeup()]>>
AT /home/ts/.local/share/agent-comms/runtime-registry-tools-20260928/lib/python3.14/site-packages/textual/message_pump.py 604
TASK <Task pending name='message pump Contents()' coro=<MessagePump._process_messages() running at /home/ts/.local/share/agent-comms/runtime-registry-tools-20260928/lib/python3.14/site-packages/textual/message_pump.py:604> wait_for=<Future pending cb=[Task.task_wakeup()]>>
AT /home/ts/.local/share/agent-comms/runtime-registry-tools-20260928/lib/python3.14/site-packages/textual/message_pump.py 604
TASK <Task pending name="message pump SidebarMembers(classes='group-members channel-members')" coro=<MessagePump._process_messages() running at /home/ts/.local/share/agent-comms/runtime-registry-tools-20260928/lib/python3.14/site-packages/textual/message_pump.py:604> wait_for=<Future pending cb=[Task.task_wakeup()]>>
AT /home/ts/.local/share/agent-comms/runtime-registry-tools-20260928/lib/python3.14/site-packages/textual/message_pump.py 604
TASK <Task pending name='message pump ChannelDisclosure()' coro=<MessagePump._process_messages() running at /home/ts/.local/share/agent-comms/runtime-registry-tools-20260928/lib/python3.14/site-packages/textual/message_pump.py:604> wait_for=<Future pending cb=[Task.task_wakeup()]>>
AT /home/ts/.local/share/agent-comms/runtime-registry-tools-20260928/lib/python3.14/site-packages/textual/message_pump.py 604
TASK <Task pending name='message pump ChannelDisclosure()' coro=<MessagePump._process_messages() running at /home/ts/.local/share/agent-comms/runtime-registry-tools-20260928/lib/python3.14/site-packages/textual/message_pump.py:604> wait_for=<Future pending cb=[Task.task_wakeup()]>>
AT /home/ts/.local/share/agent-comms/runtime-registry-tools-20260928/lib/python3.14/site-packages/textual/message_pump.py 604
TASK <Task pending name='message pump ChannelDisclosure()' coro=<MessagePump._process_messages() running at /home/ts/.local/share/agent-comms/runtime-registry-tools-20260928/lib/python3.14/site-packages/textual/message_pump.py:604> wait_for=<Future pending cb=[Task.task_wakeup()]>>
AT /home/ts/.local/share/agent-comms/runtime-registry-tools-20260928/lib/python3.14/site-packages/textual/message_pump.py 604
TASK <Task pending name='message pump ChannelDisclosure()' coro=<MessagePump._process_messages() running at /home/ts/.local/share/agent-comms/runtime-registry-tools-20260928/lib/python3.14/site-packages/textual/message_pump.py:604> wait_for=<Future pending cb=[Task.task_wakeup()]>>
AT /home/ts/.local/share/agent-comms/runtime-registry-tools-20260928/lib/python3.14/site-packages/textual/message_pump.py 604
TASK <Task pending name="message pump ThreadRow(classes='-wire-thread')" coro=<MessagePump._process_messages() running at /home/ts/.local/share/agent-comms/runtime-registry-tools-20260928/lib/python3.14/site-packages/textual/message_pump.py:604> wait_for=<Future pending cb=[Task.task_wakeup()]>>
AT /home/ts/.local/share/agent-comms/runtime-registry-tools-20260928/lib/python3.14/site-packages/textual/message_pump.py 604
TASK <Task pending name="message pump ThreadRow(classes='-wire-thread')" coro=<MessagePump._process_messages() running at /home/ts/.local/share/agent-comms/runtime-registry-tools-20260928/lib/python3.14/site-packages/textual/message_pump.py:604> wait_for=<Future pending cb=[Task.task_wakeup()]>>
AT /home/ts/.local/share/agent-comms/runtime-registry-tools-20260928/lib/python3.14/site-packages/textual/message_pump.py 604
TASK <Task pending name="message pump CommsRow(classes='group-title channel-header')" coro=<MessagePump._process_messages() running at /home/ts/.local/share/agent-comms/runtime-registry-tools-20260928/lib/python3.14/site-packages/textual/message_pump.py:604> wait_for=<Future pending cb=[Task.task_wakeup()]>>
AT /home/ts/.local/share/agent-comms/runtime-registry-tools-20260928/lib/python3.14/site-packages/textual/message_pump.py 604
TASK <Task pending name="message pump CommsRow(classes='group-title channel-header')" coro=<MessagePump._process_messages() running at /home/ts/.local/share/agent-comms/runtime-registry-tools-20260928/lib/python3.14/site-packages/textual/message_pump.py:604> wait_for=<Future pending cb=[Task.task_wakeup()]>>
AT /home/ts/.local/share/agent-comms/runtime-registry-tools-20260928/lib/python3.14/site-packages/textual/message_pump.py 604
TASK <Task pending name="message pump CommsRow(classes='group-title channel-header')" coro=<MessagePump._process_messages() running at /home/ts/.local/share/agent-comms/runtime-registry-tools-20260928/lib/python3.14/site-packages/textual/message_pump.py:604> wait_for=<Future pending cb=[Task.task_wakeup()]>>
AT /home/ts/.local/share/agent-comms/runtime-registry-tools-20260928/lib/python3.14/site-packages/textual/message_pump.py 604
TASK <Task pending name="message pump CommsRow(classes='group-title channel-header')" coro=<MessagePump._process_messages() running at /home/ts/.local/share/agent-comms/runtime-registry-tools-20260928/lib/python3.14/site-packages/textual/message_pump.py:604> wait_for=<Future pending cb=[Task.task_wakeup()]>>
AT /home/ts/.local/share/agent-comms/runtime-registry-tools-20260928/lib/python3.14/site-packages/textual/message_pump.py 604
TASK <Task pending name="message pump ThreadRow(classes='-wire-thread')" coro=<MessagePump._process_messages() running at /home/ts/.local/share/agent-comms/runtime-registry-tools-20260928/lib/python3.14/site-packages/textual/message_pump.py:604> wait_for=<Future pending cb=[Task.task_wakeup()]>>
AT /home/ts/.local/share/agent-comms/runtime-registry-tools-20260928/lib/python3.14/site-packages/textual/message_pump.py 604
TASK <Task pending name='message pump Vertical()' coro=<MessagePump._process_messages() running at /home/ts/.local/share/agent-comms/runtime-registry-tools-20260928/lib/python3.14/site-packages/textual/message_pump.py:604> wait_for=<Future pending cb=[Task.task_wakeup()]>>
AT /home/ts/.local/share/agent-comms/runtime-registry-tools-20260928/lib/python3.14/site-packages/textual/message_pump.py 604
TASK <Task pending name="message pump Checkbox(id='filter-agent', classes='-textual-compact message-filter')" coro=<MessagePump._process_messages() running at /home/ts/.local/share/agent-comms/runtime-registry-tools-20260928/lib/python3.14/site-packages/textual/message_pump.py:604> wait_for=<Future pending cb=[Task.task_wakeup()]>>
AT /home/ts/.local/share/agent-comms/runtime-registry-tools-20260928/lib/python3.14/site-packages/textual/message_pump.py 604
TASK <Task pending name='message pump ChannelUnread()' coro=<MessagePump._process_messages() running at /home/ts/.local/share/agent-comms/runtime-registry-tools-20260928/lib/python3.14/site-packages/textual/message_pump.py:604> wait_for=<Future pending cb=[Task.task_wakeup()]>>
AT /home/ts/.local/share/agent-comms/runtime-registry-tools-20260928/lib/python3.14/site-packages/textual/message_pump.py 604
TASK <Task pending name='message pump ChannelUnread()' coro=<MessagePump._process_messages() running at /home/ts/.local/share/agent-comms/runtime-registry-tools-20260928/lib/python3.14/site-packages/textual/message_pump.py:604> wait_for=<Future pending cb=[Task.task_wakeup()]>>
AT /home/ts/.local/share/agent-comms/runtime-registry-tools-20260928/lib/python3.14/site-packages/textual/message_pump.py 604
TASK <Task pending name='message pump ChannelUnread()' coro=<MessagePump._process_messages() running at /home/ts/.local/share/agent-comms/runtime-registry-tools-20260928/lib/python3.14/site-packages/textual/message_pump.py:604> wait_for=<Future pending cb=[Task.task_wakeup()]>>
AT /home/ts/.local/share/agent-comms/runtime-registry-tools-20260928/lib/python3.14/site-packages/textual/message_pump.py 604
TASK <Task pending name='message pump ChannelUnread()' coro=<MessagePump._process_messages() running at /home/ts/.local/share/agent-comms/runtime-registry-tools-20260928/lib/python3.14/site-packages/textual/message_pump.py:604> wait_for=<Future pending cb=[Task.task_wakeup()]>>
AT /home/ts/.local/share/agent-comms/runtime-registry-tools-20260928/lib/python3.14/site-packages/textual/message_pump.py 604
TASK <Task pending name="message pump ThreadRow(classes='-wire-thread')" coro=<MessagePump._process_messages() running at /home/ts/.local/share/agent-comms/runtime-registry-tools-20260928/lib/python3.14/site-packages/textual/message_pump.py:604> wait_for=<Future pending cb=[Task.task_wakeup()]>>
AT /home/ts/.local/share/agent-comms/runtime-registry-tools-20260928/lib/python3.14/site-packages/textual/message_pump.py 604
TASK <Task pending name='set_interval#1' coro=<Timer._run_timer() running at /home/ts/.local/share/agent-comms/runtime-registry-tools-20260928/lib/python3.14/site-packages/textual/timer.py:148> wait_for=<Future pending cb=[Task.task_wakeup()]>>
AT /home/ts/.local/share/agent-comms/runtime-registry-tools-20260928/lib/python3.14/site-packages/textual/timer.py 148
TASK <Task pending name='message pump ChannelUnread()' coro=<MessagePump._process_messages() running at /home/ts/.local/share/agent-comms/runtime-registry-tools-20260928/lib/python3.14/site-packages/textual/message_pump.py:604> wait_for=<Future pending cb=[Task.task_wakeup()]>>
AT /home/ts/.local/share/agent-comms/runtime-registry-tools-20260928/lib/python3.14/site-packages/textual/message_pump.py 604
TASK <Task pending name='message pump ChannelUnread()' coro=<MessagePump._process_messages() running at /home/ts/.local/share/agent-comms/runtime-registry-tools-20260928/lib/python3.14/site-packages/textual/message_pump.py:604> wait_for=<Future pending cb=[Task.task_wakeup()]>>
AT /home/ts/.local/share/agent-comms/runtime-registry-tools-20260928/lib/python3.14/site-packages/textual/message_pump.py 604
TASK <Task pending name='message pump ChannelUnread()' coro=<MessagePump._process_messages() running at /home/ts/.local/share/agent-comms/runtime-registry-tools-20260928/lib/python3.14/site-packages/textual/message_pump.py:604> wait_for=<Future pending cb=[Task.task_wakeup()]>>
AT /home/ts/.local/share/agent-comms/runtime-registry-tools-20260928/lib/python3.14/site-packages/textual/message_pump.py 604
TASK <Task pending name='message pump ChannelUnread()' coro=<MessagePump._process_messages() running at /home/ts/.local/share/agent-comms/runtime-registry-tools-20260928/lib/python3.14/site-packages/textual/message_pump.py:604> wait_for=<Future pending cb=[Task.task_wakeup()]>>
AT /home/ts/.local/share/agent-comms/runtime-registry-tools-20260928/lib/python3.14/site-packages/textual/message_pump.py 604
TASK <Task pending name="message pump ThreadRow(classes='-wire-thread')" coro=<MessagePump._process_messages() running at /home/ts/.local/share/agent-comms/runtime-registry-tools-20260928/lib/python3.14/site-packages/textual/message_pump.py:604> wait_for=<Future pending cb=[Task.task_wakeup()]>>
AT /home/ts/.local/share/agent-comms/runtime-registry-tools-20260928/lib/python3.14/site-packages/textual/message_pump.py 604
TASK <Task pending name="message pump AgentResponse(classes='block')" coro=<MessagePump._process_messages() running at /home/ts/.local/share/agent-comms/runtime-registry-tools-20260928/lib/python3.14/site-packages/textual/message_pump.py:604> wait_for=<Future pending cb=[Task.task_wakeup()]>>
AT /home/ts/.local/share/agent-comms/runtime-registry-tools-20260928/lib/python3.14/site-packages/textual/message_pump.py 604
TASK <Task pending name="message pump Static(classes='model-count')" coro=<MessagePump._process_messages() running at /home/ts/.local/share/agent-comms/runtime-registry-tools-20260928/lib/python3.14/site-packages/textual/message_pump.py:604> wait_for=<Future pending cb=[Task.task_wakeup()]>>
AT /home/ts/.local/share/agent-comms/runtime-registry-tools-20260928/lib/python3.14/site-packages/textual/message_pump.py 604
TASK <Task pending name='message pump ChannelUnread()' coro=<MessagePump._process_messages() running at /home/ts/.local/share/agent-comms/runtime-registry-tools-20260928/lib/python3.14/site-packages/textual/message_pump.py:604> wait_for=<Future pending cb=[Task.task_wakeup()]>>
AT /home/ts/.local/share/agent-comms/runtime-registry-tools-20260928/lib/python3.14/site-packages/textual/message_pump.py 604
TASK <Task pending name="message pump ThreadRow(classes='-wire-thread')" coro=<MessagePump._process_messages() running at /home/ts/.local/share/agent-comms/runtime-registry-tools-20260928/lib/python3.14/site-packages/textual/message_pump.py:604> wait_for=<Future pending cb=[Task.task_wakeup()]>>
AT /home/ts/.local/share/agent-comms/runtime-registry-tools-20260928/lib/python3.14/site-packages/textual/message_pump.py 604
TASK <Task pending name='message pump MarkdownBullet()' coro=<MessagePump._process_messages() running at /home/ts/.local/share/agent-comms/runtime-registry-tools-20260928/lib/python3.14/site-packages/textual/message_pump.py:604> wait_for=<Future pending cb=[Task.task_wakeup()]>>
AT /home/ts/.local/share/agent-comms/runtime-registry-tools-20260928/lib/python3.14/site-packages/textual/message_pump.py 604
TASK <Task pending name='message pump SessionSort()' coro=<MessagePump._process_messages() running at /home/ts/.local/share/agent-comms/runtime-registry-tools-20260928/lib/python3.14/site-packages/textual/message_pump.py:604> wait_for=<Future pending cb=[Task.task_wakeup()]>>
AT /home/ts/.local/share/agent-comms/runtime-registry-tools-20260928/lib/python3.14/site-packages/textual/message_pump.py 604
TASK <Task pending name='message pump SessionSort()' coro=<MessagePump._process_messages() running at /home/ts/.local/share/agent-comms/runtime-registry-tools-20260928/lib/python3.14/site-packages/textual/message_pump.py:604> wait_for=<Future pending cb=[Task.task_wakeup()]>>
AT /home/ts/.local/share/agent-comms/runtime-registry-tools-20260928/lib/python3.14/site-packages/textual/message_pump.py 604
TASK <Task pending name='message pump SessionSort()' coro=<MessagePump._process_messages() running at /home/ts/.local/share/agent-comms/runtime-registry-tools-20260928/lib/python3.14/site-packages/textual/message_pump.py:604> wait_for=<Future pending cb=[Task.task_wakeup()]>>
AT /home/ts/.local/share/agent-comms/runtime-registry-tools-20260928/lib/python3.14/site-packages/textual/message_pump.py 604
TASK <Task pending name='message pump SessionSort()' coro=<MessagePump._process_messages() running at /home/ts/.local/share/agent-comms/runtime-registry-tools-20260928/lib/python3.14/site-packages/textual/message_pump.py:604> wait_for=<Future pending cb=[Task.task_wakeup()]>>
AT /home/ts/.local/share/agent-comms/runtime-registry-tools-20260928/lib/python3.14/site-packages/textual/message_pump.py 604
TASK <Task pending name="message pump ThreadRow(classes='-wire-thread')" coro=<MessagePump._process_messages() running at /home/ts/.local/share/agent-comms/runtime-registry-tools-20260928/lib/python3.14/site-packages/textual/message_pump.py:604> wait_for=<Future pending cb=[Task.task_wakeup()]>>
AT /home/ts/.local/share/agent-comms/runtime-registry-tools-20260928/lib/python3.14/site-packages/textual/message_pump.py 604
TASK <Task pending name='message pump SideBarToggle()' coro=<MessagePump._process_messages() running at /home/ts/.local/share/agent-comms/runtime-registry-tools-20260928/lib/python3.14/site-packages/textual/message_pump.py:604> wait_for=<Future pending cb=[Task.task_wakeup()]>>
AT /home/ts/.local/share/agent-comms/runtime-registry-tools-20260928/lib/python3.14/site-packages/textual/message_pump.py 604
TASK <Task pending name="message pump HorizontalGroup(classes='goal-controls')" coro=<MessagePump._process_messages() running at /home/ts/.local/share/agent-comms/runtime-registry-tools-20260928/lib/python3.14/site-packages/textual/message_pump.py:604> wait_for=<Future pending cb=[Task.task_wakeup()]>>
AT /home/ts/.local/share/agent-comms/runtime-registry-tools-20260928/lib/python3.14/site-packages/textual/message_pump.py 604
TASK <Task pending name="message pump ThreadRow(classes='-wire-thread')" coro=<MessagePump._process_messages() running at /home/ts/.local/share/agent-comms/runtime-registry-tools-20260928/lib/python3.14/site-packages/textual/message_pump.py:604> wait_for=<Future pending cb=[Task.task_wakeup()]>>
AT /home/ts/.local/share/agent-comms/runtime-registry-tools-20260928/lib/python3.14/site-packages/textual/message_pump.py 604
TASK <Task pending name='message pump CoordinationStatus()' coro=<MessagePump._process_messages() running at /home/ts/.local/share/agent-comms/runtime-registry-tools-20260928/lib/python3.14/site-packages/textual/message_pump.py:604> wait_for=<Future pending cb=[Task.task_wakeup()]>>
AT /home/ts/.local/share/agent-comms/runtime-registry-tools-20260928/lib/python3.14/site-packages/textual/message_pump.py 604
TASK <Task pending name='message pump Window()' coro=<MessagePump._process_messages() running at /home/ts/.local/share/agent-comms/runtime-registry-tools-20260928/lib/python3.14/site-packages/textual/message_pump.py:604> wait_for=<Future pending cb=[Task.task_wakeup()]>>
AT /home/ts/.local/share/agent-comms/runtime-registry-tools-20260928/lib/python3.14/site-packages/textual/message_pump.py 604
TASK <Task pending name="message pump ThreadRow(classes='-wire-thread')" coro=<MessagePump._process_messages() running at /home/ts/.local/share/agent-comms/runtime-registry-tools-20260928/lib/python3.14/site-packages/textual/message_pump.py:604> wait_for=<Future pending cb=[Task.task_wakeup()]>>
AT /home/ts/.local/share/agent-comms/runtime-registry-tools-20260928/lib/python3.14/site-packages/textual/message_pump.py 604
TASK <Task pending name="run_test ToadApp(title='ToadApp', classes={'-dark-mode'}, pseudo_classes={'dark', 'nocolor', 'focus'})" coro=<App.run_test.<locals>.run_app() running at /home/ts/.local/share/agent-comms/runtime-registry-tools-20260928/lib/python3.14/site-packages/textual/app.py:2191> wait_for=<Future pending cb=[Task.task_wakeup()]>>
AT /home/ts/.local/share/agent-comms/runtime-registry-tools-20260928/lib/python3.14/site-packages/textual/app.py 2191
TASK <Task pending name='message pump Underline()' coro=<MessagePump._process_messages() running at /home/ts/.local/share/agent-comms/runtime-registry-tools-20260928/lib/python3.14/site-packages/textual/message_pump.py:604> wait_for=<Future pending cb=[Task.task_wakeup()]>>
AT /home/ts/.local/share/agent-comms/runtime-registry-tools-20260928/lib/python3.14/site-packages/textual/message_pump.py 604
TASK <Task pending name="message pump ThreadRow(classes='-wire-thread')" coro=<MessagePump._process_messages() running at /home/ts/.local/share/agent-comms/runtime-registry-tools-20260928/lib/python3.14/site-packages/textual/message_pump.py:604> wait_for=<Future pending cb=[Task.task_wakeup()]>>
AT /home/ts/.local/share/agent-comms/runtime-registry-tools-20260928/lib/python3.14/site-packages/textual/message_pump.py 604
TASK <Task pending name="message pump PendingThreadScreen(id='pending-thread-1')" coro=<MessagePump._process_messages() running at /home/ts/.local/share/agent-comms/runtime-registry-tools-20260928/lib/python3.14/site-packages/textual/message_pump.py:604> wait_for=<Future pending cb=[Task.task_wakeup()]>>
AT /home/ts/.local/share/agent-comms/runtime-registry-tools-20260928/lib/python3.14/site-packages/textual/message_pump.py 604
TASK <Task pending name="message pump SidebarSlider(id='sidebar-width-slider')" coro=<MessagePump._process_messages() running at /home/ts/.local/share/agent-comms/runtime-registry-tools-20260928/lib/python3.14/site-packages/textual/message_pump.py:604> wait_for=<Future pending cb=[Task.task_wakeup()]>>
AT /home/ts/.local/share/agent-comms/runtime-registry-tools-20260928/lib/python3.14/site-packages/textual/message_pump.py 604
TASK <Task pending name='message pump TurnActivity()' coro=<MessagePump._process_messages() running at /home/ts/.local/share/agent-comms/runtime-registry-tools-20260928/lib/python3.14/site-packages/textual/message_pump.py:604> wait_for=<Future pending cb=[Task.task_wakeup()]>>
AT /home/ts/.local/share/agent-comms/runtime-registry-tools-20260928/lib/python3.14/site-packages/textual/message_pump.py 604
TASK <Task pending name='set_interval#1' coro=<Timer._run_timer() running at /home/ts/.local/share/agent-comms/runtime-registry-tools-20260928/lib/python3.14/site-packages/textual/timer.py:148> wait_for=<Future pending cb=[Task.task_wakeup()]>>
AT /home/ts/.local/share/agent-comms/runtime-registry-tools-20260928/lib/python3.14/site-packages/textual/timer.py 148
TASK <Task pending name="message pump ThreadRow(classes='-wire-thread')" coro=<MessagePump._process_messages() running at /home/ts/.local/share/agent-comms/runtime-registry-tools-20260928/lib/python3.14/site-packages/textual/message_pump.py:604> wait_for=<Future pending cb=[Task.task_wakeup()]>>
AT /home/ts/.local/share/agent-comms/runtime-registry-tools-20260928/lib/python3.14/site-packages/textual/message_pump.py 604
TASK <Task pending name="message pump HorizontalGroup(id='title-container')" coro=<MessagePump._process_messages() running at /home/ts/.local/share/agent-comms/runtime-registry-tools-20260928/lib/python3.14/site-packages/textual/message_pump.py:604> wait_for=<Future pending cb=[Task.task_wakeup()]>>
AT /home/ts/.local/share/agent-comms/runtime-registry-tools-20260928/lib/python3.14/site-packages/textual/message_pump.py 604
TASK <Task pending name='message pump NativeHistory()' coro=<MessagePump._process_messages() running at /home/ts/.local/share/agent-comms/runtime-registry-tools-20260928/lib/python3.14/site-packages/textual/message_pump.py:604> wait_for=<Future pending cb=[Task.task_wakeup()]>>
AT /home/ts/.local/share/agent-comms/runtime-registry-tools-20260928/lib/python3.14/site-packages/textual/message_pump.py 604
TASK <Task pending name="message pump ThreadRow(classes='-wire-thread')" coro=<MessagePump._process_messages() running at /home/ts/.local/share/agent-comms/runtime-registry-tools-20260928/lib/python3.14/site-packages/textual/message_pump.py:604> wait_for=<Future pending cb=[Task.task_wakeup()]>>
AT /home/ts/.local/share/agent-comms/runtime-registry-tools-20260928/lib/python3.14/site-packages/textual/message_pump.py 604
TASK <Task pending name="message pump Label(id='title')" coro=<MessagePump._process_messages() running at /home/ts/.local/share/agent-comms/runtime-registry-tools-20260928/lib/python3.14/site-packages/textual/message_pump.py:604> wait_for=<Future pending cb=[Task.task_wakeup()]>>
AT /home/ts/.local/share/agent-comms/runtime-registry-tools-20260928/lib/python3.14/site-packages/textual/message_pump.py 604
TASK <Task pending name="message pump ThreadRow(classes='-wire-thread')" coro=<MessagePump._process_messages() running at /home/ts/.local/share/agent-comms/runtime-registry-tools-20260928/lib/python3.14/site-packages/textual/message_pump.py:604> wait_for=<Future pending cb=[Task.task_wakeup()]>>
AT /home/ts/.local/share/agent-comms/runtime-registry-tools-20260928/lib/python3.14/site-packages/textual/message_pump.py 604
TASK <Task pending name='message pump MarkdownBullet()' coro=<MessagePump._process_messages() running at /home/ts/.local/share/agent-comms/runtime-registry-tools-20260928/lib/python3.14/site-packages/textual/message_pump.py:604> wait_for=<Future pending cb=[Task.task_wakeup()]>>
AT /home/ts/.local/share/agent-comms/runtime-registry-tools-20260928/lib/python3.14/site-packages/textual/message_pump.py 604
TASK <Task pending name="message pump FuzzyInput(classes='-textual-compact')" coro=<MessagePump._process_messages() running at /home/ts/.local/share/agent-comms/runtime-registry-tools-20260928/lib/python3.14/site-packages/textual/message_pump.py:604> wait_for=<Future pending cb=[Task.task_wakeup()]>>
AT /home/ts/.local/share/agent-comms/runtime-registry-tools-20260928/lib/python3.14/site-packages/textual/message_pump.py 604
TASK <Task pending name='set_interval#1' coro=<Timer._run_timer() running at /home/ts/.local/share/agent-comms/runtime-registry-tools-20260928/lib/python3.14/site-packages/textual/timer.py:148> wait_for=<Future pending cb=[Task.task_wakeup()]>>
AT /home/ts/.local/share/agent-comms/runtime-registry-tools-20260928/lib/python3.14/site-packages/textual/timer.py 148
TASK <Task pending name="message pump ThreadRow(classes='-wire-thread')" coro=<MessagePump._process_messages() running at /home/ts/.local/share/agent-comms/runtime-registry-tools-20260928/lib/python3.14/site-packages/textual/message_pump.py:604> wait_for=<Future pending cb=[Task.task_wakeup()]>>
AT /home/ts/.local/share/agent-comms/runtime-registry-tools-20260928/lib/python3.14/site-packages/textual/message_pump.py 604
TASK <Task pending name='message pump Horizontal()' coro=<MessagePump._process_messages() running at /home/ts/.local/share/agent-comms/runtime-registry-tools-20260928/lib/python3.14/site-packages/textual/message_pump.py:604> wait_for=<Future pending cb=[Task.task_wakeup()]>>
AT /home/ts/.local/share/agent-comms/runtime-registry-tools-20260928/lib/python3.14/site-packages/textual/message_pump.py 604
TASK <Task pending name="message pump SideBarCollapsible(id='coordination-panel', classes='-fixed')" coro=<MessagePump._process_messages() running at /home/ts/.local/share/agent-comms/runtime-registry-tools-20260928/lib/python3.14/site-packages/textual/message_pump.py:604> wait_for=<Future pending cb=[Task.task_wakeup()]>>
AT /home/ts/.local/share/agent-comms/runtime-registry-tools-20260928/lib/python3.14/site-packages/textual/message_pump.py 604
TASK <Task pending name='message pump TabHistoryControls()' coro=<MessagePump._process_messages() running at /home/ts/.local/share/agent-comms/runtime-registry-tools-20260928/lib/python3.14/site-packages/textual/message_pump.py:604> wait_for=<Future pending cb=[Task.task_wakeup()]>>
AT /home/ts/.local/share/agent-comms/runtime-registry-tools-20260928/lib/python3.14/site-packages/textual/message_pump.py 604
TASK <Task pending name='message pump ContentSwitcher()' coro=<MessagePump._process_messages() running at /home/ts/.local/share/agent-comms/runtime-registry-tools-20260928/lib/python3.14/site-packages/textual/message_pump.py:604> wait_for=<Future pending cb=[Task.task_wakeup()]>>
AT /home/ts/.local/share/agent-comms/runtime-registry-tools-20260928/lib/python3.14/site-packages/textual/message_pump.py 604
TASK <Task pending name="message pump SidebarHeader(classes='group-header')" coro=<MessagePump._process_messages() running at /home/ts/.local/share/agent-comms/runtime-registry-tools-20260928/lib/python3.14/site-packages/textual/message_pump.py:604> wait_for=<Future pending cb=[Task.task_wakeup()]>>
AT /home/ts/.local/share/agent-comms/runtime-registry-tools-20260928/lib/python3.14/site-packages/textual/message_pump.py 604
TASK <Task pending name='message pump ChannelDisclosure()' coro=<MessagePump._process_messages() running at /home/ts/.local/share/agent-comms/runtime-registry-tools-20260928/lib/python3.14/site-packages/textual/message_pump.py:604> wait_for=<Future pending cb=[Task.task_wakeup()]>>
AT /home/ts/.local/share/agent-comms/runtime-registry-tools-20260928/lib/python3.14/site-packages/textual/message_pump.py 604
TASK <Task pending name='message pump ChannelDisclosure()' coro=<MessagePump._process_messages() running at /home/ts/.local/share/agent-comms/runtime-registry-tools-20260928/lib/python3.14/site-packages/textual/message_pump.py:604> wait_for=<Future pending cb=[Task.task_wakeup()]>>
AT /home/ts/.local/share/agent-comms/runtime-registry-tools-20260928/lib/python3.14/site-packages/textual/message_pump.py 604
TASK <Task pending name='message pump ChannelDisclosure()' coro=<MessagePump._process_messages() running at /home/ts/.local/share/agent-comms/runtime-registry-tools-20260928/lib/python3.14/site-packages/textual/message_pump.py:604> wait_for=<Future pending cb=[Task.task_wakeup()]>>
AT /home/ts/.local/share/agent-comms/runtime-registry-tools-20260928/lib/python3.14/site-packages/textual/message_pump.py 604
TASK <Task pending name='message pump ChannelDisclosure()' coro=<MessagePump._process_messages() running at /home/ts/.local/share/agent-comms/runtime-registry-tools-20260928/lib/python3.14/site-packages/textual/message_pump.py:604> wait_for=<Future pending cb=[Task.task_wakeup()]>>
AT /home/ts/.local/share/agent-comms/runtime-registry-tools-20260928/lib/python3.14/site-packages/textual/message_pump.py 604
TASK <Task pending name="message pump ThreadRow(classes='-wire-thread')" coro=<MessagePump._process_messages() running at /home/ts/.local/share/agent-comms/runtime-registry-tools-20260928/lib/python3.14/site-packages/textual/message_pump.py:604> wait_for=<Future pending cb=[Task.task_wakeup()]>>
AT /home/ts/.local/share/agent-comms/runtime-registry-tools-20260928/lib/python3.14/site-packages/textual/message_pump.py 604
TASK <Task pending name="message pump MarkdownParagraph(name='paragraph_open', classes='level-2')" coro=<MessagePump._process_messages() running at /home/ts/.local/share/agent-comms/runtime-registry-tools-20260928/lib/python3.14/site-packages/textual/message_pump.py:604> wait_for=<Future pending cb=[Task.task_wakeup()]>>
AT /home/ts/.local/share/agent-comms/runtime-registry-tools-20260928/lib/python3.14/site-packages/textual/message_pump.py 604
TASK <Task pending name="message pump CommsRow(classes='group-title channel-header')" coro=<MessagePump._process_messages() running at /home/ts/.local/share/agent-comms/runtime-registry-tools-20260928/lib/python3.14/site-packages/textual/message_pump.py:604> wait_for=<Future pending cb=[Task.task_wakeup()]>>
AT /home/ts/.local/share/agent-comms/runtime-registry-tools-20260928/lib/python3.14/site-packages/textual/message_pump.py 604
TASK <Task pending name="message pump ThreadRow(classes='-wire-thread')" coro=<MessagePump._process_messages() running at /home/ts/.local/share/agent-comms/runtime-registry-tools-20260928/lib/python3.14/site-packages/textual/message_pump.py:604> wait_for=<Future pending cb=[Task.task_wakeup()]>>
AT /home/ts/.local/share/agent-comms/runtime-registry-tools-20260928/lib/python3.14/site-packages/textual/message_pump.py 604
TASK <Task pending name='message pump Cursor()' coro=<MessagePump._process_messages() running at /home/ts/.local/share/agent-comms/runtime-registry-tools-20260928/lib/python3.14/site-packages/textual/message_pump.py:604> wait_for=<Future pending cb=[Task.task_wakeup()]>>
AT /home/ts/.local/share/agent-comms/runtime-registry-tools-20260928/lib/python3.14/site-packages/textual/message_pump.py 604
TASK <Task pending name='message pump Label()' coro=<MessagePump._process_messages() running at /home/ts/.local/share/agent-comms/runtime-registry-tools-20260928/lib/python3.14/site-packages/textual/message_pump.py:604> wait_for=<Future pending cb=[Task.task_wakeup()]>>
AT /home/ts/.local/share/agent-comms/runtime-registry-tools-20260928/lib/python3.14/site-packages/textual/message_pump.py 604
TASK <Task pending name='set_interval#1' coro=<Timer._run_timer() running at /home/ts/.local/share/agent-comms/runtime-registry-tools-20260928/lib/python3.14/site-packages/textual/timer.py:148> wait_for=<Future pending cb=[Task.task_wakeup()]>>
AT /home/ts/.local/share/agent-comms/runtime-registry-tools-20260928/lib/python3.14/site-packages/textual/timer.py 148
TASK <Task pending name="message pump SidebarMembers(classes='group-members channel-members')" coro=<MessagePump._process_messages() running at /home/ts/.local/share/agent-comms/runtime-registry-tools-20260928/lib/python3.14/site-packages/textual/message_pump.py:604> wait_for=<Future pending cb=[Task.task_wakeup()]>>
AT /home/ts/.local/share/agent-comms/runtime-registry-tools-20260928/lib/python3.14/site-packages/textual/message_pump.py 604
TASK <Task pending name="message pump CommsRow(classes='group-title channel-header')" coro=<MessagePump._process_messages() running at /home/ts/.local/share/agent-comms/runtime-registry-tools-20260928/lib/python3.14/site-packages/textual/message_pump.py:604> wait_for=<Future pending cb=[Task.task_wakeup()]>>
AT /home/ts/.local/share/agent-comms/runtime-registry-tools-20260928/lib/python3.14/site-packages/textual/message_pump.py 604
TASK <Task pending name="message pump CommsRow(classes='group-title channel-header')" coro=<MessagePump._process_messages() running at /home/ts/.local/share/agent-comms/runtime-registry-tools-20260928/lib/python3.14/site-packages/textual/message_pump.py:604> wait_for=<Future pending cb=[Task.task_wakeup()]>>
AT /home/ts/.local/share/agent-comms/runtime-registry-tools-20260928/lib/python3.14/site-packages/textual/message_pump.py 604
TASK <Task pending name="message pump CommsRow(classes='group-title channel-header')" coro=<MessagePump._process_messages() running at /home/ts/.local/share/agent-comms/runtime-registry-tools-20260928/lib/python3.14/site-packages/textual/message_pump.py:604> wait_for=<Future pending cb=[Task.task_wakeup()]>>
AT /home/ts/.local/share/agent-comms/runtime-registry-tools-20260928/lib/python3.14/site-packages/textual/message_pump.py 604
TASK <Task pending name="message pump CommsRow(classes='group-title channel-header')" coro=<MessagePump._process_messages() running at /home/ts/.local/share/agent-comms/runtime-registry-tools-20260928/lib/python3.14/site-packages/textual/message_pump.py:604> wait_for=<Future pending cb=[Task.task_wakeup()]>>
AT /home/ts/.local/share/agent-comms/runtime-registry-tools-20260928/lib/python3.14/site-packages/textual/message_pump.py 604
TASK <Task pending name="message pump ThreadRow(classes='-wire-thread')" coro=<MessagePump._process_messages() running at /home/ts/.local/share/agent-comms/runtime-registry-tools-20260928/lib/python3.14/site-packages/textual/message_pump.py:604> wait_for=<Future pending cb=[Task.task_wakeup()]>>
AT /home/ts/.local/share/agent-comms/runtime-registry-tools-20260928/lib/python3.14/site-packages/textual/message_pump.py 604
TASK <Task pending name="message pump ThreadRow(classes='-wire-thread')" coro=<MessagePump._process_messages() running at /home/ts/.local/share/agent-comms/runtime-registry-tools-20260928/lib/python3.14/site-packages/textual/message_pump.py:604> wait_for=<Future pending cb=[Task.task_wakeup()]>>
AT /home/ts/.local/share/agent-comms/runtime-registry-tools-20260928/lib/python3.14/site-packages/textual/message_pump.py 604
TASK <Task pending name='message pump ConnectProvider()' coro=<MessagePump._process_messages() running at /home/ts/.local/share/agent-comms/runtime-registry-tools-20260928/lib/python3.14/site-packages/textual/message_pump.py:604> wait_for=<Future pending cb=[Task.task_wakeup()]>>
AT /home/ts/.local/share/agent-comms/runtime-registry-tools-20260928/lib/python3.14/site-packages/textual/message_pump.py 604
TASK <Task pending name="message pump Checkbox(id='filter-user', classes='-textual-compact message-filter')" coro=<MessagePump._process_messages() running at /home/ts/.local/share/agent-comms/runtime-registry-tools-20260928/lib/python3.14/site-packages/textual/message_pump.py:604> wait_for=<Future pending cb=[Task.task_wakeup()]>>
AT /home/ts/.local/share/agent-comms/runtime-registry-tools-20260928/lib/python3.14/site-packages/textual/message_pump.py 604
TASK <Task pending name="message pump ThreadRow(classes='-wire-thread')" coro=<MessagePump._process_messages() running at /home/ts/.local/share/agent-comms/runtime-registry-tools-20260928/lib/python3.14/site-packages/textual/message_pump.py:604> wait_for=<Future pending cb=[Task.task_wakeup()]>>
AT /home/ts/.local/share/agent-comms/runtime-registry-tools-20260928/lib/python3.14/site-packages/textual/message_pump.py 604
TASK <Task pending name="message pump SideBarCollapsible(id='thread-comms-panel', classes='-fixed')" coro=<MessagePump._process_messages() running at /home/ts/.local/share/agent-comms/runtime-registry-tools-20260928/lib/python3.14/site-packages/textual/message_pump.py:604> wait_for=<Future pending cb=[Task.task_wakeup()]>>
AT /home/ts/.local/share/agent-comms/runtime-registry-tools-20260928/lib/python3.14/site-packages/textual/message_pump.py 604
TASK <Task pending name='message pump FooterKey()' coro=<MessagePump._process_messages() running at /home/ts/.local/share/agent-comms/runtime-registry-tools-20260928/lib/python3.14/site-packages/textual/message_pump.py:604> wait_for=<Future pending cb=[Task.task_wakeup()]>>
AT /home/ts/.local/share/agent-comms/runtime-registry-tools-20260928/lib/python3.14/site-packages/textual/message_pump.py 604
TASK <Task pending name="message pump ThreadRow(classes='-wire-thread')" coro=<MessagePump._process_messages() running at /home/ts/.local/share/agent-comms/runtime-registry-tools-20260928/lib/python3.14/site-packages/textual/message_pump.py:604> wait_for=<Future pending cb=[Task.task_wakeup()]>>
AT /home/ts/.local/share/agent-comms/runtime-registry-tools-20260928/lib/python3.14/site-packages/textual/message_pump.py 604
TASK <Task pending name='message pump MarkdownBullet()' coro=<MessagePump._process_messages() running at /home/ts/.local/share/agent-comms/runtime-registry-tools-20260928/lib/python3.14/site-packages/textual/message_pump.py:604> wait_for=<Future pending cb=[Task.task_wakeup()]>>
AT /home/ts/.local/share/agent-comms/runtime-registry-tools-20260928/lib/python3.14/site-packages/textual/message_pump.py 604
TASK <Task pending name="message pump SidebarViewport(id='sidebar-panels')" coro=<MessagePump._process_messages() running at /home/ts/.local/share/agent-comms/runtime-registry-tools-20260928/lib/python3.14/site-packages/textual/message_pump.py:604> wait_for=<Future pending cb=[Task.task_wakeup()]>>
AT /home/ts/.local/share/agent-comms/runtime-registry-tools-20260928/lib/python3.14/site-packages/textual/message_pump.py 604
TASK <Task pending name='message pump Flash()' coro=<MessagePump._process_messages() running at /home/ts/.local/share/agent-comms/runtime-registry-tools-20260928/lib/python3.14/site-packages/textual/message_pump.py:604> wait_for=<Future pending cb=[Task.task_wakeup()]>>
AT /home/ts/.local/share/agent-comms/runtime-registry-tools-20260928/lib/python3.14/site-packages/textual/message_pump.py 604
TASK <Task pending name="message pump ThreadRow(classes='-wire-thread')" coro=<MessagePump._process_messages() running at /home/ts/.local/share/agent-comms/runtime-registry-tools-20260928/lib/python3.14/site-packages/textual/message_pump.py:604> wait_for=<Future pending cb=[Task.task_wakeup()]>>
AT /home/ts/.local/share/agent-comms/runtime-registry-tools-20260928/lib/python3.14/site-packages/textual/message_pump.py 604
TASK <Task pending name="message pump ThreadRow(classes='-wire-thread')" coro=<MessagePump._process_messages() running at /home/ts/.local/share/agent-comms/runtime-registry-tools-20260928/lib/python3.14/site-packages/textual/message_pump.py:604> wait_for=<Future pending cb=[Task.task_wakeup()]>>
AT /home/ts/.local/share/agent-comms/runtime-registry-tools-20260928/lib/python3.14/site-packages/textual/message_pump.py 604
TASK <Task pending name="message pump SidebarHeader(classes='group-header')" coro=<MessagePump._process_messages() running at /home/ts/.local/share/agent-comms/runtime-registry-tools-20260928/lib/python3.14/site-packages/textual/message_pump.py:604> wait_for=<Future pending cb=[Task.task_wakeup()]>>
AT /home/ts/.local/share/agent-comms/runtime-registry-tools-20260928/lib/python3.14/site-packages/textual/message_pump.py 604
TASK <Task pending name="message pump ThreadRow(classes='-wire-thread')" coro=<MessagePump._process_messages() running at /home/ts/.local/share/agent-comms/runtime-registry-tools-20260928/lib/python3.14/site-packages/textual/message_pump.py:604> wait_for=<Future pending cb=[Task.task_wakeup()]>>
AT /home/ts/.local/share/agent-comms/runtime-registry-tools-20260928/lib/python3.14/site-packages/textual/message_pump.py 604
TASK <Task pending name='message pump MarkdownBullet()' coro=<MessagePump._process_messages() running at /home/ts/.local/share/agent-comms/runtime-registry-tools-20260928/lib/python3.14/site-packages/textual/message_pump.py:604> wait_for=<Future pending cb=[Task.task_wakeup()]>>
AT /home/ts/.local/share/agent-comms/runtime-registry-tools-20260928/lib/python3.14/site-packages/textual/message_pump.py 604
TASK <Task pending name='message pump Underline()' coro=<MessagePump._process_messages() running at /home/ts/.local/share/agent-comms/runtime-registry-tools-20260928/lib/python3.14/site-packages/textual/message_pump.py:604> wait_for=<Future pending cb=[Task.task_wakeup()]>>
AT /home/ts/.local/share/agent-comms/runtime-registry-tools-20260928/lib/python3.14/site-packages/textual/message_pump.py 604
TASK <Task pending name="message pump Checkbox(id='filter-inbound', classes='-textual-compact message-filter')" coro=<MessagePump._process_messages() running at /home/ts/.local/share/agent-comms/runtime-registry-tools-20260928/lib/python3.14/site-packages/textual/message_pump.py:604> wait_for=<Future pending cb=[Task.task_wakeup()]>>
AT /home/ts/.local/share/agent-comms/runtime-registry-tools-20260928/lib/python3.14/site-packages/textual/message_pump.py 604
TASK <Task pending name='message pump ChannelDisclosure()' coro=<MessagePump._process_messages() running at /home/ts/.local/share/agent-comms/runtime-registry-tools-20260928/lib/python3.14/site-packages/textual/message_pump.py:604> wait_for=<Future pending cb=[Task.task_wakeup()]>>
AT /home/ts/.local/share/agent-comms/runtime-registry-tools-20260928/lib/python3.14/site-packages/textual/message_pump.py 604
TASK <Task pending name="message pump CommsRow(classes='group-title channel-header')" coro=<MessagePump._process_messages() running at /home/ts/.local/share/agent-comms/runtime-registry-tools-20260928/lib/python3.14/site-packages/textual/message_pump.py:604> wait_for=<Future pending cb=[Task.task_wakeup()]>>
AT /home/ts/.local/share/agent-comms/runtime-registry-tools-20260928/lib/python3.14/site-packages/textual/message_pump.py 604
TASK <Task pending name="message pump ThreadRow(classes='-wire-thread')" coro=<MessagePump._process_messages() running at /home/ts/.local/share/agent-comms/runtime-registry-tools-20260928/lib/python3.14/site-packages/textual/message_pump.py:604> wait_for=<Future pending cb=[Task.task_wakeup()]>>
AT /home/ts/.local/share/agent-comms/runtime-registry-tools-20260928/lib/python3.14/site-packages/textual/message_pump.py 604
TASK <Task pending name='message pump FooterKey()' coro=<MessagePump._process_messages() running at /home/ts/.local/share/agent-comms/runtime-registry-tools-20260928/lib/python3.14/site-packages/textual/message_pump.py:604> wait_for=<Future pending cb=[Task.task_wakeup()]>>
AT /home/ts/.local/share/agent-comms/runtime-registry-tools-20260928/lib/python3.14/site-packages/textual/message_pump.py 604
TASK <Task pending name="message pump Horizontal(id='sidebar-layout-actions')" coro=<MessagePump._process_messages() running at /home/ts/.local/share/agent-comms/runtime-registry-tools-20260928/lib/python3.14/site-packages/textual/message_pump.py:604> wait_for=<Future pending cb=[Task.task_wakeup()]>>
AT /home/ts/.local/share/agent-comms/runtime-registry-tools-20260928/lib/python3.14/site-packages/textual/message_pump.py 604
TASK <Task pending name="message pump SessionDetails(id='session-details')" coro=<MessagePump._process_messages() running at /home/ts/.local/share/agent-comms/runtime-registry-tools-20260928/lib/python3.14/site-packages/textual/message_pump.py:604> wait_for=<Future pending cb=[Task.task_wakeup()]>>
AT /home/ts/.local/share/agent-comms/runtime-registry-tools-20260928/lib/python3.14/site-packages/textual/message_pump.py 604
TASK <Task pending name="message pump SidebarHeader(classes='group-header')" coro=<MessagePump._process_messages() running at /home/ts/.local/share/agent-comms/runtime-registry-tools-20260928/lib/python3.14/site-packages/textual/message_pump.py:604> wait_for=<Future pending cb=[Task.task_wakeup()]>>
AT /home/ts/.local/share/agent-comms/runtime-registry-tools-20260928/lib/python3.14/site-packages/textual/message_pump.py 604
TASK <Task pending name="message pump SidebarMembers(classes='group-members channel-members')" coro=<MessagePump._process_messages() running at /home/ts/.local/share/agent-comms/runtime-registry-tools-20260928/lib/python3.14/site-packages/textual/message_pump.py:604> wait_for=<Future pending cb=[Task.task_wakeup()]>>
AT /home/ts/.local/share/agent-comms/runtime-registry-tools-20260928/lib/python3.14/site-packages/textual/message_pump.py 604
TASK <Task pending name='message pump ChannelDisclosure()' coro=<MessagePump._process_messages() running at /home/ts/.local/share/agent-comms/runtime-registry-tools-20260928/lib/python3.14/site-packages/textual/message_pump.py:604> wait_for=<Future pending cb=[Task.task_wakeup()]>>
AT /home/ts/.local/share/agent-comms/runtime-registry-tools-20260928/lib/python3.14/site-packages/textual/message_pump.py 604
TASK <Task pending name="message pump ThreadRow(classes='-wire-thread')" coro=<MessagePump._process_messages() running at /home/ts/.local/share/agent-comms/runtime-registry-tools-20260928/lib/python3.14/site-packages/textual/message_pump.py:604> wait_for=<Future pending cb=[Task.task_wakeup()]>>
AT /home/ts/.local/share/agent-comms/runtime-registry-tools-20260928/lib/python3.14/site-packages/textual/message_pump.py 604
TASK <Task pending name='message pump SessionsTabs()' coro=<MessagePump._process_messages() running at /home/ts/.local/share/agent-comms/runtime-registry-tools-20260928/lib/python3.14/site-packages/textual/message_pump.py:604> wait_for=<Future pending cb=[Task.task_wakeup()]>>
AT /home/ts/.local/share/agent-comms/runtime-registry-tools-20260928/lib/python3.14/site-packages/textual/message_pump.py 604
TASK <Task pending name="message pump VerticalGroup(id='path-search-fuzzy')" coro=<MessagePump._process_messages() running at /home/ts/.local/share/agent-comms/runtime-registry-tools-20260928/lib/python3.14/site-packages/textual/message_pump.py:604> wait_for=<Future pending cb=[Task.task_wakeup()]>>
AT /home/ts/.local/share/agent-comms/runtime-registry-tools-20260928/lib/python3.14/site-packages/textual/message_pump.py 604
TASK <Task pending name="message pump ThreadRow(classes='-wire-thread')" coro=<MessagePump._process_messages() running at /home/ts/.local/share/agent-comms/runtime-registry-tools-20260928/lib/python3.14/site-packages/textual/message_pump.py:604> wait_for=<Future pending cb=[Task.task_wakeup()]>>
AT /home/ts/.local/share/agent-comms/runtime-registry-tools-20260928/lib/python3.14/site-packages/textual/message_pump.py 604
TASK <Task pending name="message pump SidebarMembers(classes='group-members channel-members')" coro=<MessagePump._process_messages() running at /home/ts/.local/share/agent-comms/runtime-registry-tools-20260928/lib/python3.14/site-packages/textual/message_pump.py:604> wait_for=<Future pending cb=[Task.task_wakeup()]>>
AT /home/ts/.local/share/agent-comms/runtime-registry-tools-20260928/lib/python3.14/site-packages/textual/message_pump.py 604
TASK <Task pending name="message pump ThreadRow(classes='-wire-thread')" coro=<MessagePump._process_messages() running at /home/ts/.local/share/agent-comms/runtime-registry-tools-20260928/lib/python3.14/site-packages/textual/message_pump.py:604> wait_for=<Future pending cb=[Task.task_wakeup()]>>
AT /home/ts/.local/share/agent-comms/runtime-registry-tools-20260928/lib/python3.14/site-packages/textual/message_pump.py 604
TASK <Task pending name='message pump Vertical()' coro=<MessagePump._process_messages() running at /home/ts/.local/share/agent-comms/runtime-registry-tools-20260928/lib/python3.14/site-packages/textual/message_pump.py:604> wait_for=<Future pending cb=[Task.task_wakeup()]>>
AT /home/ts/.local/share/agent-comms/runtime-registry-tools-20260928/lib/python3.14/site-packages/textual/message_pump.py 604
TASK <Task pending name="message pump MarkdownParagraph(name='paragraph_open', classes='level-2')" coro=<MessagePump._process_messages() running at /home/ts/.local/share/agent-comms/runtime-registry-tools-20260928/lib/python3.14/site-packages/textual/message_pump.py:604> wait_for=<Future pending cb=[Task.task_wakeup()]>>
AT /home/ts/.local/share/agent-comms/runtime-registry-tools-20260928/lib/python3.14/site-packages/textual/message_pump.py 604
TASK <Task pending name="message pump SideBarCollapsible(id='plan-panel', classes='-fixed')" coro=<MessagePump._process_messages() running at /home/ts/.local/share/agent-comms/runtime-registry-tools-20260928/lib/python3.14/site-packages/textual/message_pump.py:604> wait_for=<Future pending cb=[Task.task_wakeup()]>>
AT /home/ts/.local/share/agent-comms/runtime-registry-tools-20260928/lib/python3.14/site-packages/textual/message_pump.py 604
TASK <Task pending name="message pump ThreadRow(classes='-wire-thread')" coro=<MessagePump._process_messages() running at /home/ts/.local/share/agent-comms/runtime-registry-tools-20260928/lib/python3.14/site-packages/textual/message_pump.py:604> wait_for=<Future pending cb=[Task.task_wakeup()]>>
AT /home/ts/.local/share/agent-comms/runtime-registry-tools-20260928/lib/python3.14/site-packages/textual/message_pump.py 604
TASK <Task pending name="message pump TranscriptFragmentView(classes='-unrouted -message-other')" coro=<MessagePump._process_messages() running at /home/ts/.local/share/agent-comms/runtime-registry-tools-20260928/lib/python3.14/site-packages/textual/message_pump.py:604> wait_for=<Future pending cb=[Task.task_wakeup()]>>
AT /home/ts/.local/share/agent-comms/runtime-registry-tools-20260928/lib/python3.14/site-packages/textual/message_pump.py 604
TASK <Task pending name='message pump Horizontal()' coro=<MessagePump._process_messages() running at /home/ts/.local/share/agent-comms/runtime-registry-tools-20260928/lib/python3.14/site-packages/textual/message_pump.py:604> wait_for=<Future pending cb=[Task.task_wakeup()]>>
AT /home/ts/.local/share/agent-comms/runtime-registry-tools-20260928/lib/python3.14/site-packages/textual/message_pump.py 604
TASK <Task pending name='message pump InputDeliveryBar()' coro=<MessagePump._process_messages() running at /home/ts/.local/share/agent-comms/runtime-registry-tools-20260928/lib/python3.14/site-packages/textual/message_pump.py:604> wait_for=<Future pending cb=[Task.task_wakeup()]>>
AT /home/ts/.local/share/agent-comms/runtime-registry-tools-20260928/lib/python3.14/site-packages/textual/message_pump.py 604
TASK <Task pending name="auto refresh ThreadLoading(classes='-message-other -unrouted')" coro=<Timer._run_timer() running at /home/ts/.local/share/agent-comms/runtime-registry-tools-20260928/lib/python3.14/site-packages/textual/timer.py:148> wait_for=<Future finished result=None>>
AT /home/ts/.local/share/agent-comms/runtime-registry-tools-20260928/lib/python3.14/site-packages/textual/timer.py 148
TASK <Task pending name='message pump ChannelDisclosure()' coro=<MessagePump._process_messages() running at /home/ts/.local/share/agent-comms/runtime-registry-tools-20260928/lib/python3.14/site-packages/textual/message_pump.py:604> wait_for=<Future pending cb=[Task.task_wakeup()]>>
AT /home/ts/.local/share/agent-comms/runtime-registry-tools-20260928/lib/python3.14/site-packages/textual/message_pump.py 604
TASK <Task pending name='message pump ChannelDisclosure()' coro=<MessagePump._process_messages() running at /home/ts/.local/share/agent-comms/runtime-registry-tools-20260928/lib/python3.14/site-packages/textual/message_pump.py:604> wait_for=<Future pending cb=[Task.task_wakeup()]>>
AT /home/ts/.local/share/agent-comms/runtime-registry-tools-20260928/lib/python3.14/site-packages/textual/message_pump.py 604
TASK <Task pending name='message pump ChannelDisclosure()' coro=<MessagePump._process_messages() running at /home/ts/.local/share/agent-comms/runtime-registry-tools-20260928/lib/python3.14/site-packages/textual/message_pump.py:604> wait_for=<Future pending cb=[Task.task_wakeup()]>>
AT /home/ts/.local/share/agent-comms/runtime-registry-tools-20260928/lib/python3.14/site-packages/textual/message_pump.py 604
TASK <Task pending name='message pump ChannelDisclosure()' coro=<MessagePump._process_messages() running at /home/ts/.local/share/agent-comms/runtime-registry-tools-20260928/lib/python3.14/site-packages/textual/message_pump.py:604> wait_for=<Future pending cb=[Task.task_wakeup()]>>
AT /home/ts/.local/share/agent-comms/runtime-registry-tools-20260928/lib/python3.14/site-packages/textual/message_pump.py 604
TASK <Task pending name="message pump ThreadRow(classes='-wire-thread')" coro=<MessagePump._process_messages() running at /home/ts/.local/share/agent-comms/runtime-registry-tools-20260928/lib/python3.14/site-packages/textual/message_pump.py:604> wait_for=<Future pending cb=[Task.task_wakeup()]>>
AT /home/ts/.local/share/agent-comms/runtime-registry-tools-20260928/lib/python3.14/site-packages/textual/message_pump.py 604
TASK <Task pending name='message pump TabHistoryControls()' coro=<MessagePump._process_messages() running at /home/ts/.local/share/agent-comms/runtime-registry-tools-20260928/lib/python3.14/site-packages/textual/message_pump.py:604> wait_for=<Future pending cb=[Task.task_wakeup()]>>
AT /home/ts/.local/share/agent-comms/runtime-registry-tools-20260928/lib/python3.14/site-packages/textual/message_pump.py 604
TASK <Task pending name="message pump SideBarCollapsible(classes='-flex')" coro=<MessagePump._process_messages() running at /home/ts/.local/share/agent-comms/runtime-registry-tools-20260928/lib/python3.14/site-packages/textual/message_pump.py:604> wait_for=<Future pending cb=[Task.task_wakeup()]>>
AT /home/ts/.local/share/agent-comms/runtime-registry-tools-20260928/lib/python3.14/site-packages/textual/message_pump.py 604
TASK <Task pending name="message pump Throbber(id='throbber')" coro=<MessagePump._process_messages() running at /home/ts/.local/share/agent-comms/runtime-registry-tools-20260928/lib/python3.14/site-packages/textual/message_pump.py:604> wait_for=<Future pending cb=[Task.task_wakeup()]>>
AT /home/ts/.local/share/agent-comms/runtime-registry-tools-20260928/lib/python3.14/site-packages/textual/message_pump.py 604
TASK <Task pending name="message pump GoalText(classes='goal-summary')" coro=<MessagePump._process_messages() running at /home/ts/.local/share/agent-comms/runtime-registry-tools-20260928/lib/python3.14/site-packages/textual/message_pump.py:604> wait_for=<Future pending cb=[Task.task_wakeup()]>>
AT /home/ts/.local/share/agent-comms/runtime-registry-tools-20260928/lib/python3.14/site-packages/textual/message_pump.py 604
TASK <Task pending name='message pump FuzzyPathOptionList()' coro=<MessagePump._process_messages() running at /home/ts/.local/share/agent-comms/runtime-registry-tools-20260928/lib/python3.14/site-packages/textual/message_pump.py:604> wait_for=<Future pending cb=[Task.task_wakeup()]>>
AT /home/ts/.local/share/agent-comms/runtime-registry-tools-20260928/lib/python3.14/site-packages/textual/message_pump.py 604
TASK <Task pending name='message pump ChannelUnread()' coro=<MessagePump._process_messages() running at /home/ts/.local/share/agent-comms/runtime-registry-tools-20260928/lib/python3.14/site-packages/textual/message_pump.py:604> wait_for=<Future pending cb=[Task.task_wakeup()]>>
AT /home/ts/.local/share/agent-comms/runtime-registry-tools-20260928/lib/python3.14/site-packages/textual/message_pump.py 604
TASK <Task pending name='message pump ChannelUnread()' coro=<MessagePump._process_messages() running at /home/ts/.local/share/agent-comms/runtime-registry-tools-20260928/lib/python3.14/site-packages/textual/message_pump.py:604> wait_for=<Future pending cb=[Task.task_wakeup()]>>
AT /home/ts/.local/share/agent-comms/runtime-registry-tools-20260928/lib/python3.14/site-packages/textual/message_pump.py 604
TASK <Task pending name='message pump ChannelUnread()' coro=<MessagePump._process_messages() running at /home/ts/.local/share/agent-comms/runtime-registry-tools-20260928/lib/python3.14/site-packages/textual/message_pump.py:604> wait_for=<Future pending cb=[Task.task_wakeup()]>>
AT /home/ts/.local/share/agent-comms/runtime-registry-tools-20260928/lib/python3.14/site-packages/textual/message_pump.py 604
TASK <Task pending name='message pump ChannelUnread()' coro=<MessagePump._process_messages() running at /home/ts/.local/share/agent-comms/runtime-registry-tools-20260928/lib/python3.14/site-packages/textual/message_pump.py:604> wait_for=<Future pending cb=[Task.task_wakeup()]>>
AT /home/ts/.local/share/agent-comms/runtime-registry-tools-20260928/lib/python3.14/site-packages/textual/message_pump.py 604
TASK <Task pending name="message pump ThreadRow(classes='-wire-thread')" coro=<MessagePump._process_messages() running at /home/ts/.local/share/agent-comms/runtime-registry-tools-20260928/lib/python3.14/site-packages/textual/message_pump.py:604> wait_for=<Future pending cb=[Task.task_wakeup()]>>
AT /home/ts/.local/share/agent-comms/runtime-registry-tools-20260928/lib/python3.14/site-packages/textual/message_pump.py 604
TASK <Task pending name="message pump CommsRow(classes='group-title channel-header')" coro=<MessagePump._process_messages() running at /home/ts/.local/share/agent-comms/runtime-registry-tools-20260928/lib/python3.14/site-packages/textual/message_pump.py:604> wait_for=<Future pending cb=[Task.task_wakeup()]>>
AT /home/ts/.local/share/agent-comms/runtime-registry-tools-20260928/lib/python3.14/site-packages/textual/message_pump.py 604
TASK <Task pending name="message pump CommsRow(classes='group-title channel-header')" coro=<MessagePump._process_messages() running at /home/ts/.local/share/agent-comms/runtime-registry-tools-20260928/lib/python3.14/site-packages/textual/message_pump.py:604> wait_for=<Future pending cb=[Task.task_wakeup()]>>
AT /home/ts/.local/share/agent-comms/runtime-registry-tools-20260928/lib/python3.14/site-packages/textual/message_pump.py 604
TASK <Task pending name="message pump CommsRow(classes='group-title channel-header')" coro=<MessagePump._process_messages() running at /home/ts/.local/share/agent-comms/runtime-registry-tools-20260928/lib/python3.14/site-packages/textual/message_pump.py:604> wait_for=<Future pending cb=[Task.task_wakeup()]>>
AT /home/ts/.local/share/agent-comms/runtime-registry-tools-20260928/lib/python3.14/site-packages/textual/message_pump.py 604
TASK <Task pending name="message pump CommsRow(classes='group-title channel-header')" coro=<MessagePump._process_messages() running at /home/ts/.local/share/agent-comms/runtime-registry-tools-20260928/lib/python3.14/site-packages/textual/message_pump.py:604> wait_for=<Future pending cb=[Task.task_wakeup()]>>
AT /home/ts/.local/share/agent-comms/runtime-registry-tools-20260928/lib/python3.14/site-packages/textual/message_pump.py 604
TASK <Task pending name="message pump CommsRow(classes='group-title channel-header')" coro=<MessagePump._process_messages() running at /home/ts/.local/share/agent-comms/runtime-registry-tools-20260928/lib/python3.14/site-packages/textual/message_pump.py:604> wait_for=<Future pending cb=[Task.task_wakeup()]>>
AT /home/ts/.local/share/agent-comms/runtime-registry-tools-20260928/lib/python3.14/site-packages/textual/message_pump.py 604
TASK <Task pending name="message pump ThreadRow(classes='-wire-thread')" coro=<MessagePump._process_messages() running at /home/ts/.local/share/agent-comms/runtime-registry-tools-20260928/lib/python3.14/site-packages/textual/message_pump.py:604> wait_for=<Future pending cb=[Task.task_wakeup()]>>
AT /home/ts/.local/share/agent-comms/runtime-registry-tools-20260928/lib/python3.14/site-packages/textual/message_pump.py 604
TASK <Task pending name="message pump VerticalGroup(id='path-search-tree')" coro=<MessagePump._process_messages() running at /home/ts/.local/share/agent-comms/runtime-registry-tools-20260928/lib/python3.14/site-packages/textual/message_pump.py:604> wait_for=<Future pending cb=[Task.task_wakeup()]>>
AT /home/ts/.local/share/agent-comms/runtime-registry-tools-20260928/lib/python3.14/site-packages/textual/message_pump.py 604
TASK <Task pending name="message pump ThreadRow(classes='-wire-thread')" coro=<MessagePump._process_messages() running at /home/ts/.local/share/agent-comms/runtime-registry-tools-20260928/lib/python3.14/site-packages/textual/message_pump.py:604> wait_for=<Future pending cb=[Task.task_wakeup()]>>
AT /home/ts/.local/share/agent-comms/runtime-registry-tools-20260928/lib/python3.14/site-packages/textual/message_pump.py 604
TASK <Task pending name='set_interval#1' coro=<Timer._run_timer() running at /home/ts/.local/share/agent-comms/runtime-registry-tools-20260928/lib/python3.14/site-packages/textual/timer.py:148> wait_for=<Future pending cb=[Task.task_wakeup()]>>
AT /home/ts/.local/share/agent-comms/runtime-registry-tools-20260928/lib/python3.14/site-packages/textual/timer.py 148
TASK <Task pending name='message pump SessionSort()' coro=<MessagePump._process_messages() running at /home/ts/.local/share/agent-comms/runtime-registry-tools-20260928/lib/python3.14/site-packages/textual/message_pump.py:604> wait_for=<Future pending cb=[Task.task_wakeup()]>>
AT /home/ts/.local/share/agent-comms/runtime-registry-tools-20260928/lib/python3.14/site-packages/textual/message_pump.py 604
TASK <Task pending name='message pump SessionSort()' coro=<MessagePump._process_messages() running at /home/ts/.local/share/agent-comms/runtime-registry-tools-20260928/lib/python3.14/site-packages/textual/message_pump.py:604> wait_for=<Future pending cb=[Task.task_wakeup()]>>
AT /home/ts/.local/share/agent-comms/runtime-registry-tools-20260928/lib/python3.14/site-packages/textual/message_pump.py 604
TASK <Task pending name='message pump SessionSort()' coro=<MessagePump._process_messages() running at /home/ts/.local/share/agent-comms/runtime-registry-tools-20260928/lib/python3.14/site-packages/textual/message_pump.py:604> wait_for=<Future pending cb=[Task.task_wakeup()]>>
AT /home/ts/.local/share/agent-comms/runtime-registry-tools-20260928/lib/python3.14/site-packages/textual/message_pump.py 604
TASK <Task pending name='message pump SessionSort()' coro=<MessagePump._process_messages() running at /home/ts/.local/share/agent-comms/runtime-registry-tools-20260928/lib/python3.14/site-packages/textual/message_pump.py:604> wait_for=<Future pending cb=[Task.task_wakeup()]>>
AT /home/ts/.local/share/agent-comms/runtime-registry-tools-20260928/lib/python3.14/site-packages/textual/message_pump.py 604
TASK <Task pending name="message pump ThreadRow(classes='-wire-thread')" coro=<MessagePump._process_messages() running at /home/ts/.local/share/agent-comms/runtime-registry-tools-20260928/lib/python3.14/site-packages/textual/message_pump.py:604> wait_for=<Future pending cb=[Task.task_wakeup()]>>
AT /home/ts/.local/share/agent-comms/runtime-registry-tools-20260928/lib/python3.14/site-packages/textual/message_pump.py 604
TASK <Task pending name="message pump ThreadRow(classes='-wire-thread')" coro=<MessagePump._process_messages() running at /home/ts/.local/share/agent-comms/runtime-registry-tools-20260928/lib/python3.14/site-packages/textual/message_pump.py:604> wait_for=<Future pending cb=[Task.task_wakeup()]>>
AT /home/ts/.local/share/agent-comms/runtime-registry-tools-20260928/lib/python3.14/site-packages/textual/message_pump.py 604
TASK <Task pending name="message pump SideBarCollapsible(classes='-flex')" coro=<MessagePump._process_messages() running at /home/ts/.local/share/agent-comms/runtime-registry-tools-20260928/lib/python3.14/site-packages/textual/message_pump.py:604> wait_for=<Future pending cb=[Task.task_wakeup()]>>
AT /home/ts/.local/share/agent-comms/runtime-registry-tools-20260928/lib/python3.14/site-packages/textual/message_pump.py 604
TASK <Task pending name="message pump SideBarCollapsible(id='recovery-panel', classes='-fixed')" coro=<MessagePump._process_messages() running at /home/ts/.local/share/agent-comms/runtime-registry-tools-20260928/lib/python3.14/site-packages/textual/message_pump.py:604> wait_for=<Future pending cb=[Task.task_wakeup()]>>
AT /home/ts/.local/share/agent-comms/runtime-registry-tools-20260928/lib/python3.14/site-packages/textual/message_pump.py 604
TASK <Task pending name='message pump CollapsibleTitle()' coro=<MessagePump._process_messages() running at /home/ts/.local/share/agent-comms/runtime-registry-tools-20260928/lib/python3.14/site-packages/textual/message_pump.py:604> wait_for=<Future pending cb=[Task.task_wakeup()]>>
AT /home/ts/.local/share/agent-comms/runtime-registry-tools-20260928/lib/python3.14/site-packages/textual/message_pump.py 604
TASK <Task pending name="message pump Vertical(id='prompt-stack')" coro=<MessagePump._process_messages() running at /home/ts/.local/share/agent-comms/runtime-registry-tools-20260928/lib/python3.14/site-packages/textual/message_pump.py:604> wait_for=<Future pending cb=[Task.task_wakeup()]>>
AT /home/ts/.local/share/agent-comms/runtime-registry-tools-20260928/lib/python3.14/site-packages/textual/message_pump.py 604
TASK <Task pending name='message pump ChannelUnread()' coro=<MessagePump._process_messages() running at /home/ts/.local/share/agent-comms/runtime-registry-tools-20260928/lib/python3.14/site-packages/textual/message_pump.py:604> wait_for=<Future pending cb=[Task.task_wakeup()]>>
AT /home/ts/.local/share/agent-comms/runtime-registry-tools-20260928/lib/python3.14/site-packages/textual/message_pump.py 604
TASK <Task pending name="message pump ThreadRow(classes='-current -wire-thread')" coro=<MessagePump._process_messages() running at /home/ts/.local/share/agent-comms/runtime-registry-tools-20260928/lib/python3.14/site-packages/textual/message_pump.py:604> wait_for=<Future pending cb=[Task.task_wakeup()]>>
AT /home/ts/.local/share/agent-comms/runtime-registry-tools-20260928/lib/python3.14/site-packages/textual/message_pump.py 604
TASK <Task pending name="message pump ThreadRow(classes='-wire-thread')" coro=<MessagePump._process_messages() running at /home/ts/.local/share/agent-comms/runtime-registry-tools-20260928/lib/python3.14/site-packages/textual/message_pump.py:604> wait_for=<Future pending cb=[Task.task_wakeup()]>>
AT /home/ts/.local/share/agent-comms/runtime-registry-tools-20260928/lib/python3.14/site-packages/textual/message_pump.py 604
TASK <Task pending name='message pump CondensedPath()' coro=<MessagePump._process_messages() running at /home/ts/.local/share/agent-comms/runtime-registry-tools-20260928/lib/python3.14/site-packages/textual/message_pump.py:604> wait_for=<Future pending cb=[Task.task_wakeup()]>>
AT /home/ts/.local/share/agent-comms/runtime-registry-tools-20260928/lib/python3.14/site-packages/textual/message_pump.py 604
TASK <Task pending name='message pump ChannelUnread()' coro=<MessagePump._process_messages() running at /home/ts/.local/share/agent-comms/runtime-registry-tools-20260928/lib/python3.14/site-packages/textual/message_pump.py:604> wait_for=<Future pending cb=[Task.task_wakeup()]>>
AT /home/ts/.local/share/agent-comms/runtime-registry-tools-20260928/lib/python3.14/site-packages/textual/message_pump.py 604
TASK <Task pending name="message pump ThreadRow(classes='-wire-thread')" coro=<MessagePump._process_messages() running at /home/ts/.local/share/agent-comms/runtime-registry-tools-20260928/lib/python3.14/site-packages/textual/message_pump.py:604> wait_for=<Future pending cb=[Task.task_wakeup()]>>
AT /home/ts/.local/share/agent-comms/runtime-registry-tools-20260928/lib/python3.14/site-packages/textual/message_pump.py 604
TASK <Task pending name="message pump TranscriptFragmentView(classes='-unrouted -message-other')" coro=<MessagePump._process_messages() running at /home/ts/.local/share/agent-comms/runtime-registry-tools-20260928/lib/python3.14/site-packages/textual/message_pump.py:604> wait_for=<Future pending cb=[Task.task_wakeup()]>>
AT /home/ts/.local/share/agent-comms/runtime-registry-tools-20260928/lib/python3.14/site-packages/textual/message_pump.py 604
TASK <Task pending name="message pump MarkdownBulletList(name='bullet_list_open', classes='level-0')" coro=<MessagePump._process_messages() running at /home/ts/.local/share/agent-comms/runtime-registry-tools-20260928/lib/python3.14/site-packages/textual/message_pump.py:604> wait_for=<Future pending cb=[Task.task_wakeup()]>>
AT /home/ts/.local/share/agent-comms/runtime-registry-tools-20260928/lib/python3.14/site-packages/textual/message_pump.py 604
TASK <Task pending name="message pump ThreadRow(classes='-wire-thread')" coro=<MessagePump._process_messages() running at /home/ts/.local/share/agent-comms/runtime-registry-tools-20260928/lib/python3.14/site-packages/textual/message_pump.py:604> wait_for=<Future pending cb=[Task.task_wakeup()]>>
AT /home/ts/.local/share/agent-comms/runtime-registry-tools-20260928/lib/python3.14/site-packages/textual/message_pump.py 604
TASK <Task pending name="message pump ThreadRow(classes='-wire-thread')" coro=<MessagePump._process_messages() running at /home/ts/.local/share/agent-comms/runtime-registry-tools-20260928/lib/python3.14/site-packages/textual/message_pump.py:604> wait_for=<Future pending cb=[Task.task_wakeup()]>>
AT /home/ts/.local/share/agent-comms/runtime-registry-tools-20260928/lib/python3.14/site-packages/textual/message_pump.py 604
TASK <Task pending name="message pump TabHistoryButton(id='tab-forward')" coro=<MessagePump._process_messages() running at /home/ts/.local/share/agent-comms/runtime-registry-tools-20260928/lib/python3.14/site-packages/textual/message_pump.py:604> wait_for=<Future pending cb=[Task.task_wakeup()]>>
AT /home/ts/.local/share/agent-comms/runtime-registry-tools-20260928/lib/python3.14/site-packages/textual/message_pump.py 604
TASK <Task pending name="message pump SidebarHeader(classes='group-header')" coro=<MessagePump._process_messages() running at /home/ts/.local/share/agent-comms/runtime-registry-tools-20260928/lib/python3.14/site-packages/textual/message_pump.py:604> wait_for=<Future pending cb=[Task.task_wakeup()]>>
AT /home/ts/.local/share/agent-comms/runtime-registry-tools-20260928/lib/python3.14/site-packages/textual/message_pump.py 604
TASK <Task pending name="message pump ThreadRow(classes='-wire-thread')" coro=<MessagePump._process_messages() running at /home/ts/.local/share/agent-comms/runtime-registry-tools-20260928/lib/python3.14/site-packages/textual/message_pump.py:604> wait_for=<Future pending cb=[Task.task_wakeup()]>>
AT /home/ts/.local/share/agent-comms/runtime-registry-tools-20260928/lib/python3.14/site-packages/textual/message_pump.py 604
TASK <Task pending name="message pump AgentResponse(classes='block')" coro=<MessagePump._process_messages() running at /home/ts/.local/share/agent-comms/runtime-registry-tools-20260928/lib/python3.14/site-packages/textual/message_pump.py:604> wait_for=<Future pending cb=[Task.task_wakeup()]>>
AT /home/ts/.local/share/agent-comms/runtime-registry-tools-20260928/lib/python3.14/site-packages/textual/message_pump.py 604
TASK <Task pending name="message pump ThreadRow(classes='-wire-thread')" coro=<MessagePump._process_messages() running at /home/ts/.local/share/agent-comms/runtime-registry-tools-20260928/lib/python3.14/site-packages/textual/message_pump.py:604> wait_for=<Future pending cb=[Task.task_wakeup()]>>
AT /home/ts/.local/share/agent-comms/runtime-registry-tools-20260928/lib/python3.14/site-packages/textual/message_pump.py 604
TASK <Task pending name="message pump SidebarMembers(classes='group-members channel-members')" coro=<MessagePump._process_messages() running at /home/ts/.local/share/agent-comms/runtime-registry-tools-20260928/lib/python3.14/site-packages/textual/message_pump.py:604> wait_for=<Future pending cb=[Task.task_wakeup()]>>
AT /home/ts/.local/share/agent-comms/runtime-registry-tools-20260928/lib/python3.14/site-packages/textual/message_pump.py 604
TASK <Task pending name="message pump SidebarHeader(classes='group-header')" coro=<MessagePump._process_messages() running at /home/ts/.local/share/agent-comms/runtime-registry-tools-20260928/lib/python3.14/site-packages/textual/message_pump.py:604> wait_for=<Future pending cb=[Task.task_wakeup()]>>
AT /home/ts/.local/share/agent-comms/runtime-registry-tools-20260928/lib/python3.14/site-packages/textual/message_pump.py 604
TASK <Task pending name='message pump ChannelDisclosure()' coro=<MessagePump._process_messages() running at /home/ts/.local/share/agent-comms/runtime-registry-tools-20260928/lib/python3.14/site-packages/textual/message_pump.py:604> wait_for=<Future pending cb=[Task.task_wakeup()]>>
AT /home/ts/.local/share/agent-comms/runtime-registry-tools-20260928/lib/python3.14/site-packages/textual/message_pump.py 604
TASK <Task pending name="message pump ThreadRow(classes='-wire-thread')" coro=<MessagePump._process_messages() running at /home/ts/.local/share/agent-comms/runtime-registry-tools-20260928/lib/python3.14/site-packages/textual/message_pump.py:604> wait_for=<Future pending cb=[Task.task_wakeup()]>>
AT /home/ts/.local/share/agent-comms/runtime-registry-tools-20260928/lib/python3.14/site-packages/textual/message_pump.py 604
TASK <Task pending name='message pump FooterKey()' coro=<MessagePump._process_messages() running at /home/ts/.local/share/agent-comms/runtime-registry-tools-20260928/lib/python3.14/site-packages/textual/message_pump.py:604> wait_for=<Future pending cb=[Task.task_wakeup()]>>
AT /home/ts/.local/share/agent-comms/runtime-registry-tools-20260928/lib/python3.14/site-packages/textual/message_pump.py 604
TASK <Task pending name="message pump ThreadRow(classes='-wire-thread')" coro=<MessagePump._process_messages() running at /home/ts/.local/share/agent-comms/runtime-registry-tools-20260928/lib/python3.14/site-packages/textual/message_pump.py:604> wait_for=<Future pending cb=[Task.task_wakeup()]>>
AT /home/ts/.local/share/agent-comms/runtime-registry-tools-20260928/lib/python3.14/site-packages/textual/message_pump.py 604
TASK <Task pending name='message pump MarkdownBullet()' coro=<MessagePump._process_messages() running at /home/ts/.local/share/agent-comms/runtime-registry-tools-20260928/lib/python3.14/site-packages/textual/message_pump.py:604> wait_for=<Future pending cb=[Task.task_wakeup()]>>
AT /home/ts/.local/share/agent-comms/runtime-registry-tools-20260928/lib/python3.14/site-packages/textual/message_pump.py 604
TASK <Task pending name='message pump SideBarToggle()' coro=<MessagePump._process_messages() running at /home/ts/.local/share/agent-comms/runtime-registry-tools-20260928/lib/python3.14/site-packages/textual/message_pump.py:604> wait_for=<Future pending cb=[Task.task_wakeup()]>>
AT /home/ts/.local/share/agent-comms/runtime-registry-tools-20260928/lib/python3.14/site-packages/textual/message_pump.py 604
TASK <Task pending name="message pump SidebarMembers(classes='group-members channel-members')" coro=<MessagePump._process_messages() running at /home/ts/.local/share/agent-comms/runtime-registry-tools-20260928/lib/python3.14/site-packages/textual/message_pump.py:604> wait_for=<Future pending cb=[Task.task_wakeup()]>>
AT /home/ts/.local/share/agent-comms/runtime-registry-tools-20260928/lib/python3.14/site-packages/textual/message_pump.py 604
TASK <Task pending name='message pump SessionSort()' coro=<MessagePump._process_messages() running at /home/ts/.local/share/agent-comms/runtime-registry-tools-20260928/lib/python3.14/site-packages/textual/message_pump.py:604> wait_for=<Future pending cb=[Task.task_wakeup()]>>
AT /home/ts/.local/share/agent-comms/runtime-registry-tools-20260928/lib/python3.14/site-packages/textual/message_pump.py 604
TASK <Task pending name="message pump ThreadRow(classes='-wire-thread')" coro=<MessagePump._process_messages() running at /home/ts/.local/share/agent-comms/runtime-registry-tools-20260928/lib/python3.14/site-packages/textual/message_pump.py:604> wait_for=<Future pending cb=[Task.task_wakeup()]>>
AT /home/ts/.local/share/agent-comms/runtime-registry-tools-20260928/lib/python3.14/site-packages/textual/message_pump.py 604
TASK <Task pending name='message pump FooterKey()' coro=<MessagePump._process_messages() running at /home/ts/.local/share/agent-comms/runtime-registry-tools-20260928/lib/python3.14/site-packages/textual/message_pump.py:604> wait_for=<Future pending cb=[Task.task_wakeup()]>>
AT /home/ts/.local/share/agent-comms/runtime-registry-tools-20260928/lib/python3.14/site-packages/textual/message_pump.py 604
TASK <Task pending name='set_interval#1' coro=<Timer._run_timer() running at /home/ts/.local/share/agent-comms/runtime-registry-tools-20260928/lib/python3.14/site-packages/textual/timer.py:148> wait_for=<Future pending cb=[Task.task_wakeup()]>>
AT /home/ts/.local/share/agent-comms/runtime-registry-tools-20260928/lib/python3.14/site-packages/textual/timer.py 148
TASK <Task pending name='set_interval#1' coro=<Timer._run_timer() running at /home/ts/.local/share/agent-comms/runtime-registry-tools-20260928/lib/python3.14/site-packages/textual/timer.py:148> wait_for=<Future pending cb=[Task.task_wakeup()]>>
AT /home/ts/.local/share/agent-comms/runtime-registry-tools-20260928/lib/python3.14/site-packages/textual/timer.py 148
TASK <Task pending name="message pump ThreadRow(classes='-wire-thread')" coro=<MessagePump._process_messages() running at /home/ts/.local/share/agent-comms/runtime-registry-tools-20260928/lib/python3.14/site-packages/textual/message_pump.py:604> wait_for=<Future pending cb=[Task.task_wakeup()]>>
AT /home/ts/.local/share/agent-comms/runtime-registry-tools-20260928/lib/python3.14/site-packages/textual/message_pump.py 604
TASK <Task pending name="message pump TranscriptFragmentView(classes='-unrouted -message-other')" coro=<MessagePump._process_messages() running at /home/ts/.local/share/agent-comms/runtime-registry-tools-20260928/lib/python3.14/site-packages/textual/message_pump.py:604> wait_for=<Future pending cb=[Task.task_wakeup()]>>
AT /home/ts/.local/share/agent-comms/runtime-registry-tools-20260928/lib/python3.14/site-packages/textual/message_pump.py 604
TASK <Task pending name="message pump AgentResponse(classes='block')" coro=<MessagePump._process_messages() running at /home/ts/.local/share/agent-comms/runtime-registry-tools-20260928/lib/python3.14/site-packages/textual/message_pump.py:604> wait_for=<Future pending cb=[Task.task_wakeup()]>>
AT /home/ts/.local/share/agent-comms/runtime-registry-tools-20260928/lib/python3.14/site-packages/textual/message_pump.py 604
TASK <Task pending name="message pump Static(classes='-no-plan')" coro=<MessagePump._process_messages() running at /home/ts/.local/share/agent-comms/runtime-registry-tools-20260928/lib/python3.14/site-packages/textual/message_pump.py:604> wait_for=<Future pending cb=[Task.task_wakeup()]>>
AT /home/ts/.local/share/agent-comms/runtime-registry-tools-20260928/lib/python3.14/site-packages/textual/message_pump.py 604
TASK <Task pending name='message pump GoalBar()' coro=<MessagePump._process_messages() running at /home/ts/.local/share/agent-comms/runtime-registry-tools-20260928/lib/python3.14/site-packages/textual/message_pump.py:604> wait_for=<Future pending cb=[Task.task_wakeup()]>>
AT /home/ts/.local/share/agent-comms/runtime-registry-tools-20260928/lib/python3.14/site-packages/textual/message_pump.py 604
TASK <Task pending name="message pump ThreadRow(classes='-wire-thread')" coro=<MessagePump._process_messages() running at /home/ts/.local/share/agent-comms/runtime-registry-tools-20260928/lib/python3.14/site-packages/textual/message_pump.py:604> wait_for=<Future pending cb=[Task.task_wakeup()]>>
AT /home/ts/.local/share/agent-comms/runtime-registry-tools-20260928/lib/python3.14/site-packages/textual/message_pump.py 604
TASK <Task pending name='message pump FooterKey()' coro=<MessagePump._process_messages() running at /home/ts/.local/share/agent-comms/runtime-registry-tools-20260928/lib/python3.14/site-packages/textual/message_pump.py:604> wait_for=<Future pending cb=[Task.task_wakeup()]>>
AT /home/ts/.local/share/agent-comms/runtime-registry-tools-20260928/lib/python3.14/site-packages/textual/message_pump.py 604
TASK <Task pending name="message pump GoalText(classes='goal-progress')" coro=<MessagePump._process_messages() running at /home/ts/.local/share/agent-comms/runtime-registry-tools-20260928/lib/python3.14/site-packages/textual/message_pump.py:604> wait_for=<Future pending cb=[Task.task_wakeup()]>>
AT /home/ts/.local/share/agent-comms/runtime-registry-tools-20260928/lib/python3.14/site-packages/textual/message_pump.py 604
TASK <Task pending name="message pump ThreadRow(classes='-wire-thread')" coro=<MessagePump._process_messages() running at /home/ts/.local/share/agent-comms/runtime-registry-tools-20260928/lib/python3.14/site-packages/textual/message_pump.py:604> wait_for=<Future pending cb=[Task.task_wakeup()]>>
AT /home/ts/.local/share/agent-comms/runtime-registry-tools-20260928/lib/python3.14/site-packages/textual/message_pump.py 604
TASK <Task pending name='Animator' coro=<Timer._run_timer() running at /home/ts/.local/share/agent-comms/runtime-registry-tools-20260928/lib/python3.14/site-packages/textual/timer.py:148> wait_for=<Future pending cb=[Task.task_wakeup()]>>
AT /home/ts/.local/share/agent-comms/runtime-registry-tools-20260928/lib/python3.14/site-packages/textual/timer.py 148
TASK <Task pending name='message pump RelationshipSort()' coro=<MessagePump._process_messages() running at /home/ts/.local/share/agent-comms/runtime-registry-tools-20260928/lib/python3.14/site-packages/textual/message_pump.py:604> wait_for=<Future pending cb=[Task.task_wakeup()]>>
AT /home/ts/.local/share/agent-comms/runtime-registry-tools-20260928/lib/python3.14/site-packages/textual/message_pump.py 604
TASK <Task pending name="message pump ThreadRow(classes='-wire-thread')" coro=<MessagePump._process_messages() running at /home/ts/.local/share/agent-comms/runtime-registry-tools-20260928/lib/python3.14/site-packages/textual/message_pump.py:604> wait_for=<Future pending cb=[Task.task_wakeup()]>>
AT /home/ts/.local/share/agent-comms/runtime-registry-tools-20260928/lib/python3.14/site-packages/textual/message_pump.py 604
TASK <Task pending name="message pump ShellTerminal(id='shell-terminal-1', name='terminal #1', classes='-message-other -unrouted')" coro=<MessagePump._process_messages() running at /home/ts/.local/share/agent-comms/runtime-registry-tools-20260928/lib/python3.14/site-packages/textual/message_pump.py:604> wait_for=<Future pending cb=[Task.task_wakeup()]>>
AT /home/ts/.local/share/agent-comms/runtime-registry-tools-20260928/lib/python3.14/site-packages/textual/message_pump.py 604
TASK <Task pending name="message pump CommsRow(classes='group-title channel-header')" coro=<MessagePump._process_messages() running at /home/ts/.local/share/agent-comms/runtime-registry-tools-20260928/lib/python3.14/site-packages/textual/message_pump.py:604> wait_for=<Future pending cb=[Task.task_wakeup()]>>
AT /home/ts/.local/share/agent-comms/runtime-registry-tools-20260928/lib/python3.14/site-packages/textual/message_pump.py 604
TASK <Task pending name="message pump ThreadRow(classes='-wire-thread')" coro=<MessagePump._process_messages() running at /home/ts/.local/share/agent-comms/runtime-registry-tools-20260928/lib/python3.14/site-packages/textual/message_pump.py:604> wait_for=<Future pending cb=[Task.task_wakeup()]>>
AT /home/ts/.local/share/agent-comms/runtime-registry-tools-20260928/lib/python3.14/site-packages/textual/message_pump.py 604
TASK <Task pending name="message pump SidebarHeader(classes='group-header')" coro=<MessagePump._process_messages() running at /home/ts/.local/share/agent-comms/runtime-registry-tools-20260928/lib/python3.14/site-packages/textual/message_pump.py:604> wait_for=<Future pending cb=[Task.task_wakeup()]>>
AT /home/ts/.local/share/agent-comms/runtime-registry-tools-20260928/lib/python3.14/site-packages/textual/message_pump.py 604
TASK <Task pending name="message pump ThreadRow(classes='-wire-thread')" coro=<MessagePump._process_messages() running at /home/ts/.local/share/agent-comms/runtime-registry-tools-20260928/lib/python3.14/site-packages/textual/message_pump.py:604> wait_for=<Future pending cb=[Task.task_wakeup()]>>
AT /home/ts/.local/share/agent-comms/runtime-registry-tools-20260928/lib/python3.14/site-packages/textual/message_pump.py 604
TASK <Task pending name='message pump ChannelsSlot()' coro=<MessagePump._process_messages() running at /home/ts/.local/share/agent-comms/runtime-registry-tools-20260928/lib/python3.14/site-packages/textual/message_pump.py:604> wait_for=<Future pending cb=[Task.task_wakeup()]>>
AT /home/ts/.local/share/agent-comms/runtime-registry-tools-20260928/lib/python3.14/site-packages/textual/message_pump.py 604
TASK <Task pending name="message pump ThreadLoading(classes='-message-other -unrouted')" coro=<MessagePump._process_messages() running at /home/ts/.local/share/agent-comms/runtime-registry-tools-20260928/lib/python3.14/site-packages/textual/message_pump.py:604> wait_for=<Future pending cb=[Task.task_wakeup()]>>
AT /home/ts/.local/share/agent-comms/runtime-registry-tools-20260928/lib/python3.14/site-packages/textual/message_pump.py 604
TASK <Task pending name="message pump ThreadRow(classes='-wire-thread')" coro=<MessagePump._process_messages() running at /home/ts/.local/share/agent-comms/runtime-registry-tools-20260928/lib/python3.14/site-packages/textual/message_pump.py:604> wait_for=<Future pending cb=[Task.task_wakeup()]>>
AT /home/ts/.local/share/agent-comms/runtime-registry-tools-20260928/lib/python3.14/site-packages/textual/message_pump.py 604
TASK <Task pending name="message pump ThreadRow(classes='-wire-thread')" coro=<MessagePump._process_messages() running at /home/ts/.local/share/agent-comms/runtime-registry-tools-20260928/lib/python3.14/site-packages/textual/message_pump.py:604> wait_for=<Future pending cb=[Task.task_wakeup()]>>
AT /home/ts/.local/share/agent-comms/runtime-registry-tools-20260928/lib/python3.14/site-packages/textual/message_pump.py 604
TASK <Task pending name='screen_update' coro=<Timer._run_timer() running at /home/ts/.local/share/agent-comms/runtime-registry-tools-20260928/lib/python3.14/site-packages/textual/timer.py:148> wait_for=<Future pending cb=[Task.task_wakeup()]>>
AT /home/ts/.local/share/agent-comms/runtime-registry-tools-20260928/lib/python3.14/site-packages/textual/timer.py 148
TASK <Task pending name="message pump SidebarAction(id='sidebar-float')" coro=<MessagePump._process_messages() running at /home/ts/.local/share/agent-comms/runtime-registry-tools-20260928/lib/python3.14/site-packages/textual/message_pump.py:604> wait_for=<Future pending cb=[Task.task_wakeup()]>>
AT /home/ts/.local/share/agent-comms/runtime-registry-tools-20260928/lib/python3.14/site-packages/textual/message_pump.py 604
TASK <Task pending name="message pump ThreadRow(classes='-wire-thread')" coro=<MessagePump._process_messages() running at /home/ts/.local/share/agent-comms/runtime-registry-tools-20260928/lib/python3.14/site-packages/textual/message_pump.py:604> wait_for=<Future pending cb=[Task.task_wakeup()]>>
AT /home/ts/.local/share/agent-comms/runtime-registry-tools-20260928/lib/python3.14/site-packages/textual/message_pump.py 604
TASK <Task pending name="message pump ThreadRow(classes='-wire-thread')" coro=<MessagePump._process_messages() running at /home/ts/.local/share/agent-comms/runtime-registry-tools-20260928/lib/python3.14/site-packages/textual/message_pump.py:604> wait_for=<Future pending cb=[Task.task_wakeup()]>>
AT /home/ts/.local/share/agent-comms/runtime-registry-tools-20260928/lib/python3.14/site-packages/textual/message_pump.py 604
TASK <Task pending name='message pump Horizontal()' coro=<MessagePump._process_messages() running at /home/ts/.local/share/agent-comms/runtime-registry-tools-20260928/lib/python3.14/site-packages/textual/message_pump.py:604> wait_for=<Future pending cb=[Task.task_wakeup()]>>
AT /home/ts/.local/share/agent-comms/runtime-registry-tools-20260928/lib/python3.14/site-packages/textual/message_pump.py 604
TASK <Task pending name="message pump Vertical(id='sidebar-controls')" coro=<MessagePump._process_messages() running at /home/ts/.local/share/agent-comms/runtime-registry-tools-20260928/lib/python3.14/site-packages/textual/message_pump.py:604> wait_for=<Future pending cb=[Task.task_wakeup()]>>
AT /home/ts/.local/share/agent-comms/runtime-registry-tools-20260928/lib/python3.14/site-packages/textual/message_pump.py 604
TASK <Task pending name="message pump ThreadRow(classes='-wire-thread')" coro=<MessagePump._process_messages() running at /home/ts/.local/share/agent-comms/runtime-registry-tools-20260928/lib/python3.14/site-packages/textual/message_pump.py:604> wait_for=<Future pending cb=[Task.task_wakeup()]>>
AT /home/ts/.local/share/agent-comms/runtime-registry-tools-20260928/lib/python3.14/site-packages/textual/message_pump.py 604
TASK <Task pending name="message pump ThreadRow(classes='-wire-thread')" coro=<MessagePump._process_messages() running at /home/ts/.local/share/agent-comms/runtime-registry-tools-20260928/lib/python3.14/site-packages/textual/message_pump.py:604> wait_for=<Future pending cb=[Task.task_wakeup()]>>
AT /home/ts/.local/share/agent-comms/runtime-registry-tools-20260928/lib/python3.14/site-packages/textual/message_pump.py 604
TASK <Task pending name="message pump SidebarResizeHandle(id='sidebar-resize-handle')" coro=<MessagePump._process_messages() running at /home/ts/.local/share/agent-comms/runtime-registry-tools-20260928/lib/python3.14/site-packages/textual/message_pump.py:604> wait_for=<Future pending cb=[Task.task_wakeup()]>>
AT /home/ts/.local/share/agent-comms/runtime-registry-tools-20260928/lib/python3.14/site-packages/textual/message_pump.py 604
TASK <Task pending name="message pump Conversation(classes='-initial-loading')" coro=<MessagePump._process_messages() running at /home/ts/.local/share/agent-comms/runtime-registry-tools-20260928/lib/python3.14/site-packages/textual/message_pump.py:604> wait_for=<Future pending cb=[Task.task_wakeup()]>>
AT /home/ts/.local/share/agent-comms/runtime-registry-tools-20260928/lib/python3.14/site-packages/textual/message_pump.py 604
TASK <Task pending name="message pump ThreadRow(classes='-wire-thread')" coro=<MessagePump._process_messages() running at /home/ts/.local/share/agent-comms/runtime-registry-tools-20260928/lib/python3.14/site-packages/textual/message_pump.py:604> wait_for=<Future pending cb=[Task.task_wakeup()]>>
AT /home/ts/.local/share/agent-comms/runtime-registry-tools-20260928/lib/python3.14/site-packages/textual/message_pump.py 604
TASK <Task pending name="message pump ThreadRow(classes='-wire-thread')" coro=<MessagePump._process_messages() running at /home/ts/.local/share/agent-comms/runtime-registry-tools-20260928/lib/python3.14/site-packages/textual/message_pump.py:604> wait_for=<Future pending cb=[Task.task_wakeup()]>>
AT /home/ts/.local/share/agent-comms/runtime-registry-tools-20260928/lib/python3.14/site-packages/textual/message_pump.py 604
TASK <Task pending name="message pump ThreadSidebar(id='thread-sidebar', classes='-right')" coro=<MessagePump._process_messages() running at /home/ts/.local/share/agent-comms/runtime-registry-tools-20260928/lib/python3.14/site-packages/textual/message_pump.py:604> wait_for=<Future pending cb=[Task.task_wakeup()]>>
AT /home/ts/.local/share/agent-comms/runtime-registry-tools-20260928/lib/python3.14/site-packages/textual/message_pump.py 604
TASK <Task pending name="message pump ThreadRow(classes='-wire-thread')" coro=<MessagePump._process_messages() running at /home/ts/.local/share/agent-comms/runtime-registry-tools-20260928/lib/python3.14/site-packages/textual/message_pump.py:604> wait_for=<Future pending cb=[Task.task_wakeup()]>>
AT /home/ts/.local/share/agent-comms/runtime-registry-tools-20260928/lib/python3.14/site-packages/textual/message_pump.py 604
TASK <Task pending name="message pump ThreadRow(classes='-wire-thread')" coro=<MessagePump._process_messages() running at /home/ts/.local/share/agent-comms/runtime-registry-tools-20260928/lib/python3.14/site-packages/textual/message_pump.py:604> wait_for=<Future pending cb=[Task.task_wakeup()]>>
AT /home/ts/.local/share/agent-comms/runtime-registry-tools-20260928/lib/python3.14/site-packages/textual/message_pump.py 604
TASK <Task pending name="message pump ThreadRow(classes='-wire-thread')" coro=<MessagePump._process_messages() running at /home/ts/.local/share/agent-comms/runtime-registry-tools-20260928/lib/python3.14/site-packages/textual/message_pump.py:604> wait_for=<Future pending cb=[Task.task_wakeup()]>>
AT /home/ts/.local/share/agent-comms/runtime-registry-tools-20260928/lib/python3.14/site-packages/textual/message_pump.py 604
TASK <Task pending name="message pump ThreadRow(classes='-wire-thread')" coro=<MessagePump._process_messages() running at /home/ts/.local/share/agent-comms/runtime-registry-tools-20260928/lib/python3.14/site-packages/textual/message_pump.py:604> wait_for=<Future pending cb=[Task.task_wakeup()]>>
AT /home/ts/.local/share/agent-comms/runtime-registry-tools-20260928/lib/python3.14/site-packages/textual/message_pump.py 604
TASK <Task pending name='<toad.shell.Shell object at 0x7fb7ee1fe3c0>' coro=<Shell.run() running at /home/ts/.local/share/agent-comms/runtime-registry-tools-20260928/lib/python3.14/site-packages/toad/shell.py:269> wait_for=<Future pending cb=[Task.task_wakeup()]>>
AT /home/ts/.local/share/agent-comms/runtime-registry-tools-20260928/lib/python3.14/site-packages/toad/shell.py 269
TASK <Task pending name="message pump ThreadRow(classes='-wire-thread')" coro=<MessagePump._process_messages() running at /home/ts/.local/share/agent-comms/runtime-registry-tools-20260928/lib/python3.14/site-packages/textual/message_pump.py:604> wait_for=<Future pending cb=[Task.task_wakeup()]>>
AT /home/ts/.local/share/agent-comms/runtime-registry-tools-20260928/lib/python3.14/site-packages/textual/message_pump.py 604
TASK <Task pending name="message pump ThreadRow(classes='-wire-thread')" coro=<MessagePump._process_messages() running at /home/ts/.local/share/agent-comms/runtime-registry-tools-20260928/lib/python3.14/site-packages/textual/message_pump.py:604> wait_for=<Future pending cb=[Task.task_wakeup()]>>
AT /home/ts/.local/share/agent-comms/runtime-registry-tools-20260928/lib/python3.14/site-packages/textual/message_pump.py 604
TASK <Task pending name="message pump ThreadRow(classes='-wire-thread')" coro=<MessagePump._process_messages() running at /home/ts/.local/share/agent-comms/runtime-registry-tools-20260928/lib/python3.14/site-packages/textual/message_pump.py:604> wait_for=<Future pending cb=[Task.task_wakeup()]>>
AT /home/ts/.local/share/agent-comms/runtime-registry-tools-20260928/lib/python3.14/site-packages/textual/message_pump.py 604
TASK <Task pending name="message pump ThreadRow(classes='-wire-thread')" coro=<MessagePump._process_messages() running at /home/ts/.local/share/agent-comms/runtime-registry-tools-20260928/lib/python3.14/site-packages/textual/message_pump.py:604> wait_for=<Future pending cb=[Task.task_wakeup()]>>
AT /home/ts/.local/share/agent-comms/runtime-registry-tools-20260928/lib/python3.14/site-packages/textual/message_pump.py 604
TASK <Task pending name='message pump Prompt()' coro=<MessagePump._process_messages() running at /home/ts/.local/share/agent-comms/runtime-registry-tools-20260928/lib/python3.14/site-packages/textual/message_pump.py:604> wait_for=<Future pending cb=[Task.task_wakeup()]>>
AT /home/ts/.local/share/agent-comms/runtime-registry-tools-20260928/lib/python3.14/site-packages/textual/message_pump.py 604
TASK <Task pending name='set_interval#1' coro=<Timer._run_timer() running at /home/ts/.local/share/agent-comms/runtime-registry-tools-20260928/lib/python3.14/site-packages/textual/timer.py:148> wait_for=<Future pending cb=[Task.task_wakeup()]>>
AT /home/ts/.local/share/agent-comms/runtime-registry-tools-20260928/lib/python3.14/site-packages/textual/timer.py 148
TASK <Task pending name='message pump ChannelGroup()' coro=<MessagePump._process_messages() running at /home/ts/.local/share/agent-comms/runtime-registry-tools-20260928/lib/python3.14/site-packages/textual/message_pump.py:604> wait_for=<Future pending cb=[Task.task_wakeup()]>>
AT /home/ts/.local/share/agent-comms/runtime-registry-tools-20260928/lib/python3.14/site-packages/textual/message_pump.py 604
TASK <Task pending name='message pump Contents()' coro=<MessagePump._process_messages() running at /home/ts/.local/share/agent-comms/runtime-registry-tools-20260928/lib/python3.14/site-packages/textual/message_pump.py:604> wait_for=<Future pending cb=[Task.task_wakeup()]>>
AT /home/ts/.local/share/agent-comms/runtime-registry-tools-20260928/lib/python3.14/site-packages/textual/message_pump.py 604
TASK <Task pending name='message pump ChannelGroup()' coro=<MessagePump._process_messages() running at /home/ts/.local/share/agent-comms/runtime-registry-tools-20260928/lib/python3.14/site-packages/textual/message_pump.py:604> wait_for=<Future pending cb=[Task.task_wakeup()]>>
AT /home/ts/.local/share/agent-comms/runtime-registry-tools-20260928/lib/python3.14/site-packages/textual/message_pump.py 604
TASK <Task pending name="message pump SidebarHeader(classes='group-header')" coro=<MessagePump._process_messages() running at /home/ts/.local/share/agent-comms/runtime-registry-tools-20260928/lib/python3.14/site-packages/textual/message_pump.py:604> wait_for=<Future pending cb=[Task.task_wakeup()]>>
AT /home/ts/.local/share/agent-comms/runtime-registry-tools-20260928/lib/python3.14/site-packages/textual/message_pump.py 604
TASK <Task pending name='message pump SessionSort()' coro=<MessagePump._process_messages() running at /home/ts/.local/share/agent-comms/runtime-registry-tools-20260928/lib/python3.14/site-packages/textual/message_pump.py:604> wait_for=<Future pending cb=[Task.task_wakeup()]>>
AT /home/ts/.local/share/agent-comms/runtime-registry-tools-20260928/lib/python3.14/site-packages/textual/message_pump.py 604
TASK <Task pending name='message pump SessionSort()' coro=<MessagePump._process_messages() running at /home/ts/.local/share/agent-comms/runtime-registry-tools-20260928/lib/python3.14/site-packages/textual/message_pump.py:604> wait_for=<Future pending cb=[Task.task_wakeup()]>>
AT /home/ts/.local/share/agent-comms/runtime-registry-tools-20260928/lib/python3.14/site-packages/textual/message_pump.py 604
TASK <Task pending name='message pump SessionSort()' coro=<MessagePump._process_messages() running at /home/ts/.local/share/agent-comms/runtime-registry-tools-20260928/lib/python3.14/site-packages/textual/message_pump.py:604> wait_for=<Future pending cb=[Task.task_wakeup()]>>
AT /home/ts/.local/share/agent-comms/runtime-registry-tools-20260928/lib/python3.14/site-packages/textual/message_pump.py 604
TASK <Task pending name='message pump ChannelGroup()' coro=<MessagePump._process_messages() running at /home/ts/.local/share/agent-comms/runtime-registry-tools-20260928/lib/python3.14/site-packages/textual/message_pump.py:604> wait_for=<Future pending cb=[Task.task_wakeup()]>>
AT /home/ts/.local/share/agent-comms/runtime-registry-tools-20260928/lib/python3.14/site-packages/textual/message_pump.py 604
TASK <Task pending name='message pump ChannelGroup()' coro=<MessagePump._process_messages() running at /home/ts/.local/share/agent-comms/runtime-registry-tools-20260928/lib/python3.14/site-packages/textual/message_pump.py:604> wait_for=<Future pending cb=[Task.task_wakeup()]>>
AT /home/ts/.local/share/agent-comms/runtime-registry-tools-20260928/lib/python3.14/site-packages/textual/message_pump.py 604
TASK <Task pending name="message pump SidebarMembers(classes='group-members channel-members')" coro=<MessagePump._process_messages() running at /home/ts/.local/share/agent-comms/runtime-registry-tools-20260928/lib/python3.14/site-packages/textual/message_pump.py:604> wait_for=<Future pending cb=[Task.task_wakeup()]>>
AT /home/ts/.local/share/agent-comms/runtime-registry-tools-20260928/lib/python3.14/site-packages/textual/message_pump.py 604
TASK <Task pending name="message pump MarkdownParagraph(name='paragraph_open', classes='level-2')" coro=<MessagePump._process_messages() running at /home/ts/.local/share/agent-comms/runtime-registry-tools-20260928/lib/python3.14/site-packages/textual/message_pump.py:604> wait_for=<Future pending cb=[Task.task_wakeup()]>>
AT /home/ts/.local/share/agent-comms/runtime-registry-tools-20260928/lib/python3.14/site-packages/textual/message_pump.py 604
TASK <Task pending name='message pump Center()' coro=<MessagePump._process_messages() running at /home/ts/.local/share/agent-comms/runtime-registry-tools-20260928/lib/python3.14/site-packages/textual/message_pump.py:604> wait_for=<Future pending cb=[Task.task_wakeup()]>>
AT /home/ts/.local/share/agent-comms/runtime-registry-tools-20260928/lib/python3.14/site-packages/textual/message_pump.py 604
TASK <Task pending name="message pump SidebarHeader(classes='group-header')" coro=<MessagePump._process_messages() running at /home/ts/.local/share/agent-comms/runtime-registry-tools-20260928/lib/python3.14/site-packages/textual/message_pump.py:604> wait_for=<Future pending cb=[Task.task_wakeup()]>>
AT /home/ts/.local/share/agent-comms/runtime-registry-tools-20260928/lib/python3.14/site-packages/textual/message_pump.py 604
TASK <Task pending name="message pump MarkdownOrderedList(name='ordered_list_open', classes='level-0')" coro=<MessagePump._process_messages() running at /home/ts/.local/share/agent-comms/runtime-registry-tools-20260928/lib/python3.14/site-packages/textual/message_pump.py:604> wait_for=<Future pending cb=[Task.task_wakeup()]>>
AT /home/ts/.local/share/agent-comms/runtime-registry-tools-20260928/lib/python3.14/site-packages/textual/message_pump.py 604
TASK <Task pending name="message pump SidebarHeader(classes='sidebar-header')" coro=<MessagePump._process_messages() running at /home/ts/.local/share/agent-comms/runtime-registry-tools-20260928/lib/python3.14/site-packages/textual/message_pump.py:604> wait_for=<Future pending cb=[Task.task_wakeup()]>>
AT /home/ts/.local/share/agent-comms/runtime-registry-tools-20260928/lib/python3.14/site-packages/textual/message_pump.py 604
TASK <Task pending name='message pump ChannelDisclosure()' coro=<MessagePump._process_messages() running at /home/ts/.local/share/agent-comms/runtime-registry-tools-20260928/lib/python3.14/site-packages/textual/message_pump.py:604> wait_for=<Future pending cb=[Task.task_wakeup()]>>
AT /home/ts/.local/share/agent-comms/runtime-registry-tools-20260928/lib/python3.14/site-packages/textual/message_pump.py 604
TASK <Task pending name="message pump SidebarViewport(id='sidebar-panels')" coro=<MessagePump._process_messages() running at /home/ts/.local/share/agent-comms/runtime-registry-tools-20260928/lib/python3.14/site-packages/textual/message_pump.py:604> wait_for=<Future pending cb=[Task.task_wakeup()]>>
AT /home/ts/.local/share/agent-comms/runtime-registry-tools-20260928/lib/python3.14/site-packages/textual/message_pump.py 604
TASK <Task pending name="message pump SidebarHeader(classes='group-header')" coro=<MessagePump._process_messages() running at /home/ts/.local/share/agent-comms/runtime-registry-tools-20260928/lib/python3.14/site-packages/textual/message_pump.py:604> wait_for=<Future pending cb=[Task.task_wakeup()]>>
AT /home/ts/.local/share/agent-comms/runtime-registry-tools-20260928/lib/python3.14/site-packages/textual/message_pump.py 604
TASK <Task pending name="message pump MarkdownParagraph(name='paragraph_open', classes='level-2')" coro=<MessagePump._process_messages() running at /home/ts/.local/share/agent-comms/runtime-registry-tools-20260928/lib/python3.14/site-packages/textual/message_pump.py:604> wait_for=<Future pending cb=[Task.task_wakeup()]>>
AT /home/ts/.local/share/agent-comms/runtime-registry-tools-20260928/lib/python3.14/site-packages/textual/message_pump.py 604
TASK <Task pending name="message pump SidebarAction(id='sidebar-left', classes='-direction')" coro=<MessagePump._process_messages() running at /home/ts/.local/share/agent-comms/runtime-registry-tools-20260928/lib/python3.14/site-packages/textual/message_pump.py:604> wait_for=<Future pending cb=[Task.task_wakeup()]>>
AT /home/ts/.local/share/agent-comms/runtime-registry-tools-20260928/lib/python3.14/site-packages/textual/message_pump.py 604
TASK <Task pending name="message pump SidebarHeader(classes='group-header')" coro=<MessagePump._process_messages() running at /home/ts/.local/share/agent-comms/runtime-registry-tools-20260928/lib/python3.14/site-packages/textual/message_pump.py:604> wait_for=<Future pending cb=[Task.task_wakeup()]>>
AT /home/ts/.local/share/agent-comms/runtime-registry-tools-20260928/lib/python3.14/site-packages/textual/message_pump.py 604
TASK <Task pending name="message pump SidebarMembers(classes='group-members channel-members')" coro=<MessagePump._process_messages() running at /home/ts/.local/share/agent-comms/runtime-registry-tools-20260928/lib/python3.14/site-packages/textual/message_pump.py:604> wait_for=<Future pending cb=[Task.task_wakeup()]>>
AT /home/ts/.local/share/agent-comms/runtime-registry-tools-20260928/lib/python3.14/site-packages/textual/message_pump.py 604
TASK <Task pending name='message pump AgentInfo()' coro=<MessagePump._process_messages() running at /home/ts/.local/share/agent-comms/runtime-registry-tools-20260928/lib/python3.14/site-packages/textual/message_pump.py:604> wait_for=<Future pending cb=[Task.task_wakeup()]>>
AT /home/ts/.local/share/agent-comms/runtime-registry-tools-20260928/lib/python3.14/site-packages/textual/message_pump.py 604
TASK <Task pending name="message pump MarkdownParagraph(name='paragraph_open', classes='level-0')" coro=<MessagePump._process_messages() running at /home/ts/.local/share/agent-comms/runtime-registry-tools-20260928/lib/python3.14/site-packages/textual/message_pump.py:604> wait_for=<Future pending cb=[Task.task_wakeup()]>>
AT /home/ts/.local/share/agent-comms/runtime-registry-tools-20260928/lib/python3.14/site-packages/textual/message_pump.py 604
TASK <Task pending name="message pump SidebarAction(id='sidebar-float')" coro=<MessagePump._process_messages() running at /home/ts/.local/share/agent-comms/runtime-registry-tools-20260928/lib/python3.14/site-packages/textual/message_pump.py:604> wait_for=<Future pending cb=[Task.task_wakeup()]>>
AT /home/ts/.local/share/agent-comms/runtime-registry-tools-20260928/lib/python3.14/site-packages/textual/message_pump.py 604
TASK <Task pending name='message pump Contents()' coro=<MessagePump._process_messages() running at /home/ts/.local/share/agent-comms/runtime-registry-tools-20260928/lib/python3.14/site-packages/textual/message_pump.py:604> wait_for=<Future pending cb=[Task.task_wakeup()]>>
AT /home/ts/.local/share/agent-comms/runtime-registry-tools-20260928/lib/python3.14/site-packages/textual/message_pump.py 604
TASK <Task pending name="message pump SidebarMembers(classes='group-members channel-members')" coro=<MessagePump._process_messages() running at /home/ts/.local/share/agent-comms/runtime-registry-tools-20260928/lib/python3.14/site-packages/textual/message_pump.py:604> wait_for=<Future pending cb=[Task.task_wakeup()]>>
AT /home/ts/.local/share/agent-comms/runtime-registry-tools-20260928/lib/python3.14/site-packages/textual/message_pump.py 604
TASK <Task pending name="message pump SidebarMembers(classes='group-members channel-members')" coro=<MessagePump._process_messages() running at /home/ts/.local/share/agent-comms/runtime-registry-tools-20260928/lib/python3.14/site-packages/textual/message_pump.py:604> wait_for=<Future pending cb=[Task.task_wakeup()]>>
AT /home/ts/.local/share/agent-comms/runtime-registry-tools-20260928/lib/python3.14/site-packages/textual/message_pump.py 604
TASK <Task pending name="message pump SidebarHeader(classes='group-header')" coro=<MessagePump._process_messages() running at /home/ts/.local/share/agent-comms/runtime-registry-tools-20260928/lib/python3.14/site-packages/textual/message_pump.py:604> wait_for=<Future pending cb=[Task.task_wakeup()]>>
AT /home/ts/.local/share/agent-comms/runtime-registry-tools-20260928/lib/python3.14/site-packages/textual/message_pump.py 604
TASK <Task pending name="message pump Checkbox(id='filter-outbound', classes='-textual-compact message-filter')" coro=<MessagePump._process_messages() running at /home/ts/.local/share/agent-comms/runtime-registry-tools-20260928/lib/python3.14/site-packages/textual/message_pump.py:604> wait_for=<Future pending cb=[Task.task_wakeup()]>>
AT /home/ts/.local/share/agent-comms/runtime-registry-tools-20260928/lib/python3.14/site-packages/textual/message_pump.py 604
TASK <Task pending name='set_interval#1' coro=<Timer._run_timer() running at /home/ts/.local/share/agent-comms/runtime-registry-tools-20260928/lib/python3.14/site-packages/textual/timer.py:148> wait_for=<Future pending cb=[Task.task_wakeup()]>>
AT /home/ts/.local/share/agent-comms/runtime-registry-tools-20260928/lib/python3.14/site-packages/textual/timer.py 148
TASK <Task pending name='message pump SessionSort()' coro=<MessagePump._process_messages() running at /home/ts/.local/share/agent-comms/runtime-registry-tools-20260928/lib/python3.14/site-packages/textual/message_pump.py:604> wait_for=<Future pending cb=[Task.task_wakeup()]>>
AT /home/ts/.local/share/agent-comms/runtime-registry-tools-20260928/lib/python3.14/site-packages/textual/message_pump.py 604
TASK <Task pending name='message pump ThreadCommsSidebar()' coro=<MessagePump._process_messages() running at /home/ts/.local/share/agent-comms/runtime-registry-tools-20260928/lib/python3.14/site-packages/textual/message_pump.py:604> wait_for=<Future pending cb=[Task.task_wakeup()]>>
AT /home/ts/.local/share/agent-comms/runtime-registry-tools-20260928/lib/python3.14/site-packages/textual/message_pump.py 604
TASK <Task pending name='message pump RecoveryView()' coro=<MessagePump._process_messages() running at /home/ts/.local/share/agent-comms/runtime-registry-tools-20260928/lib/python3.14/site-packages/textual/message_pump.py:604> wait_for=<Future pending cb=[Task.task_wakeup()]>>
AT /home/ts/.local/share/agent-comms/runtime-registry-tools-20260928/lib/python3.14/site-packages/textual/message_pump.py 604
TASK <Task pending name="message pump SidebarHeader(classes='group-header')" coro=<MessagePump._process_messages() running at /home/ts/.local/share/agent-comms/runtime-registry-tools-20260928/lib/python3.14/site-packages/textual/message_pump.py:604> wait_for=<Future pending cb=[Task.task_wakeup()]>>
AT /home/ts/.local/share/agent-comms/runtime-registry-tools-20260928/lib/python3.14/site-packages/textual/message_pump.py 604
TASK <Task pending name="message pump SidebarHeader(classes='group-header')" coro=<MessagePump._process_messages() running at /home/ts/.local/share/agent-comms/runtime-registry-tools-20260928/lib/python3.14/site-packages/textual/message_pump.py:604> wait_for=<Future pending cb=[Task.task_wakeup()]>>
AT /home/ts/.local/share/agent-comms/runtime-registry-tools-20260928/lib/python3.14/site-packages/textual/message_pump.py 604
TASK <Task pending name="message pump SidebarMembers(classes='group-members channel-members')" coro=<MessagePump._process_messages() running at /home/ts/.local/share/agent-comms/runtime-registry-tools-20260928/lib/python3.14/site-packages/textual/message_pump.py:604> wait_for=<Future pending cb=[Task.task_wakeup()]>>
AT /home/ts/.local/share/agent-comms/runtime-registry-tools-20260928/lib/python3.14/site-packages/textual/message_pump.py 604
TASK <Task pending name="message pump MarkdownBulletList(name='bullet_list_open', classes='level-0')" coro=<MessagePump._process_messages() running at /home/ts/.local/share/agent-comms/runtime-registry-tools-20260928/lib/python3.14/site-packages/textual/message_pump.py:604> wait_for=<Future pending cb=[Task.task_wakeup()]>>
AT /home/ts/.local/share/agent-comms/runtime-registry-tools-20260928/lib/python3.14/site-packages/textual/message_pump.py 604
TASK <Task pending name="message pump SidebarAction(id='sidebar-right', classes='-direction')" coro=<MessagePump._process_messages() running at /home/ts/.local/share/agent-comms/runtime-registry-tools-20260928/lib/python3.14/site-packages/textual/message_pump.py:604> wait_for=<Future pending cb=[Task.task_wakeup()]>>
AT /home/ts/.local/share/agent-comms/runtime-registry-tools-20260928/lib/python3.14/site-packages/textual/message_pump.py 604
TASK <Task pending name="message pump SidebarMembers(classes='group-members channel-members')" coro=<MessagePump._process_messages() running at /home/ts/.local/share/agent-comms/runtime-registry-tools-20260928/lib/python3.14/site-packages/textual/message_pump.py:604> wait_for=<Future pending cb=[Task.task_wakeup()]>>
AT /home/ts/.local/share/agent-comms/runtime-registry-tools-20260928/lib/python3.14/site-packages/textual/message_pump.py 604
TASK <Task pending name="message pump SidebarMembers(classes='group-members channel-members')" coro=<MessagePump._process_messages() running at /home/ts/.local/share/agent-comms/runtime-registry-tools-20260928/lib/python3.14/site-packages/textual/message_pump.py:604> wait_for=<Future pending cb=[Task.task_wakeup()]>>
AT /home/ts/.local/share/agent-comms/runtime-registry-tools-20260928/lib/python3.14/site-packages/textual/message_pump.py 604
TASK <Task pending name='screen_update' coro=<Timer._run_timer() running at /home/ts/.local/share/agent-comms/runtime-registry-tools-20260928/lib/python3.14/site-packages/textual/timer.py:148> wait_for=<Future pending cb=[Task.task_wakeup()]>>
AT /home/ts/.local/share/agent-comms/runtime-registry-tools-20260928/lib/python3.14/site-packages/textual/timer.py 148
TASK <Task pending name="message pump MarkdownParagraph(name='paragraph_open', classes='level-2')" coro=<MessagePump._process_messages() running at /home/ts/.local/share/agent-comms/runtime-registry-tools-20260928/lib/python3.14/site-packages/textual/message_pump.py:604> wait_for=<Future pending cb=[Task.task_wakeup()]>>
AT /home/ts/.local/share/agent-comms/runtime-registry-tools-20260928/lib/python3.14/site-packages/textual/message_pump.py 604
TASK <Task pending name='Task-1634' coro=<Event.wait() running at /home/ts/.local/share/uv/python/cpython-3.14.2-linux-x86_64-gnu/lib/python3.14/asyncio/locks.py:213> wait_for=<Future pending cb=[Task.task_wakeup()]>>
AT /home/ts/.local/share/uv/python/cpython-3.14.2-linux-x86_64-gnu/lib/python3.14/asyncio/locks.py 213
TASK <Task pending name="message pump Vertical(id='sidebar-controls')" coro=<MessagePump._process_messages() running at /home/ts/.local/share/agent-comms/runtime-registry-tools-20260928/lib/python3.14/site-packages/textual/message_pump.py:604> wait_for=<Future pending cb=[Task.task_wakeup()]>>
AT /home/ts/.local/share/agent-comms/runtime-registry-tools-20260928/lib/python3.14/site-packages/textual/message_pump.py 604
TASK <Task pending name="message pump GoalControl(id='goal-history')" coro=<MessagePump._process_messages() running at /home/ts/.local/share/agent-comms/runtime-registry-tools-20260928/lib/python3.14/site-packages/textual/message_pump.py:604> wait_for=<Future pending cb=[Task.task_wakeup()]>>
AT /home/ts/.local/share/agent-comms/runtime-registry-tools-20260928/lib/python3.14/site-packages/textual/message_pump.py 604
TASK <Task pending name='message pump ChannelsSlot()' coro=<MessagePump._process_messages() running at /home/ts/.local/share/agent-comms/runtime-registry-tools-20260928/lib/python3.14/site-packages/textual/message_pump.py:604> wait_for=<Future pending cb=[Task.task_wakeup()]>>
AT /home/ts/.local/share/agent-comms/runtime-registry-tools-20260928/lib/python3.14/site-packages/textual/message_pump.py 604
TASK <Task pending name='Task-29' coro=<AgentProcess.run() running at /home/ts/.local/share/agent-comms/runtime-registry-tools-20260928/lib/python3.14/site-packages/toad/acp/agent_process.py:180> wait_for=<Future pending cb=[Task.task_wakeup()]>>
AT /home/ts/.local/share/agent-comms/runtime-registry-tools-20260928/lib/python3.14/site-packages/toad/acp/agent_process.py 180
TASK <Task pending name='message pump JumpToLatest()' coro=<MessagePump._process_messages() running at /home/ts/.local/share/agent-comms/runtime-registry-tools-20260928/lib/python3.14/site-packages/textual/message_pump.py:604> wait_for=<Future pending cb=[Task.task_wakeup()]>>
AT /home/ts/.local/share/agent-comms/runtime-registry-tools-20260928/lib/python3.14/site-packages/textual/message_pump.py 604
TASK <Task pending name="message pump SidebarAction(id='sidebar-left', classes='-direction')" coro=<MessagePump._process_messages() running at /home/ts/.local/share/agent-comms/runtime-registry-tools-20260928/lib/python3.14/site-packages/textual/message_pump.py:604> wait_for=<Future pending cb=[Task.task_wakeup()]>>
AT /home/ts/.local/share/agent-comms/runtime-registry-tools-20260928/lib/python3.14/site-packages/textual/message_pump.py 604
TASK <Task pending name="message pump Static(id='delivery-summary')" coro=<MessagePump._process_messages() running at /home/ts/.local/share/agent-comms/runtime-registry-tools-20260928/lib/python3.14/site-packages/textual/message_pump.py:604> wait_for=<Future pending cb=[Task.task_wakeup()]>>
AT /home/ts/.local/share/agent-comms/runtime-registry-tools-20260928/lib/python3.14/site-packages/textual/message_pump.py 604
TASK <Task pending name='message pump MarkdownBullet()' coro=<MessagePump._process_messages() running at /home/ts/.local/share/agent-comms/runtime-registry-tools-20260928/lib/python3.14/site-packages/textual/message_pump.py:604> wait_for=<Future pending cb=[Task.task_wakeup()]>>
AT /home/ts/.local/share/agent-comms/runtime-registry-tools-20260928/lib/python3.14/site-packages/textual/message_pump.py 604
TASK <Task pending name='message pump SlashComplete()' coro=<MessagePump._process_messages() running at /home/ts/.local/share/agent-comms/runtime-registry-tools-20260928/lib/python3.14/site-packages/textual/message_pump.py:604> wait_for=<Future pending cb=[Task.task_wakeup()]>>
AT /home/ts/.local/share/agent-comms/runtime-registry-tools-20260928/lib/python3.14/site-packages/textual/message_pump.py 604
TASK <Task pending name="message pump SidebarHeader(classes='group-header')" coro=<MessagePump._process_messages() running at /home/ts/.local/share/agent-comms/runtime-registry-tools-20260928/lib/python3.14/site-packages/textual/message_pump.py:604> wait_for=<Future pending cb=[Task.task_wakeup()]>>
AT /home/ts/.local/share/agent-comms/runtime-registry-tools-20260928/lib/python3.14/site-packages/textual/message_pump.py 604
TASK <Task pending name='message pump ChannelDisclosure()' coro=<MessagePump._process_messages() running at /home/ts/.local/share/agent-comms/runtime-registry-tools-20260928/lib/python3.14/site-packages/textual/message_pump.py:604> wait_for=<Future pending cb=[Task.task_wakeup()]>>
AT /home/ts/.local/share/agent-comms/runtime-registry-tools-20260928/lib/python3.14/site-packages/textual/message_pump.py 604
TASK <Task pending name='message pump ChannelDisclosure()' coro=<MessagePump._process_messages() running at /home/ts/.local/share/agent-comms/runtime-registry-tools-20260928/lib/python3.14/site-packages/textual/message_pump.py:604> wait_for=<Future pending cb=[Task.task_wakeup()]>>
AT /home/ts/.local/share/agent-comms/runtime-registry-tools-20260928/lib/python3.14/site-packages/textual/message_pump.py 604
TASK <Task pending name='message pump ChannelDisclosure()' coro=<MessagePump._process_messages() running at /home/ts/.local/share/agent-comms/runtime-registry-tools-20260928/lib/python3.14/site-packages/textual/message_pump.py:604> wait_for=<Future pending cb=[Task.task_wakeup()]>>
AT /home/ts/.local/share/agent-comms/runtime-registry-tools-20260928/lib/python3.14/site-packages/textual/message_pump.py 604
TASK <Task pending name='message pump HistoryEdge()' coro=<MessagePump._process_messages() running at /home/ts/.local/share/agent-comms/runtime-registry-tools-20260928/lib/python3.14/site-packages/textual/message_pump.py:604> wait_for=<Future pending cb=[Task.task_wakeup()]>>
AT /home/ts/.local/share/agent-comms/runtime-registry-tools-20260928/lib/python3.14/site-packages/textual/message_pump.py 604
TASK <Task pending name='message pump CommsSidebar()' coro=<MessagePump._process_messages() running at /home/ts/.local/share/agent-comms/runtime-registry-tools-20260928/lib/python3.14/site-packages/textual/message_pump.py:604> wait_for=<Future pending cb=[Task.task_wakeup()]>>
AT /home/ts/.local/share/agent-comms/runtime-registry-tools-20260928/lib/python3.14/site-packages/textual/message_pump.py 604
TASK <Task pending name="message pump GoalControl(id='goal-collapse')" coro=<MessagePump._process_messages() running at /home/ts/.local/share/agent-comms/runtime-registry-tools-20260928/lib/python3.14/site-packages/textual/message_pump.py:604> wait_for=<Future pending cb=[Task.task_wakeup()]>>
AT /home/ts/.local/share/agent-comms/runtime-registry-tools-20260928/lib/python3.14/site-packages/textual/message_pump.py 604
TASK <Task pending name="message pump SidebarMembers(classes='group-members channel-members')" coro=<MessagePump._process_messages() running at /home/ts/.local/share/agent-comms/runtime-registry-tools-20260928/lib/python3.14/site-packages/textual/message_pump.py:604> wait_for=<Future pending cb=[Task.task_wakeup()]>>
AT /home/ts/.local/share/agent-comms/runtime-registry-tools-20260928/lib/python3.14/site-packages/textual/message_pump.py 604
TASK <Task pending name="message pump CommsRow(classes='group-title channel-header')" coro=<MessagePump._process_messages() running at /home/ts/.local/share/agent-comms/runtime-registry-tools-20260928/lib/python3.14/site-packages/textual/message_pump.py:604> wait_for=<Future pending cb=[Task.task_wakeup()]>>
AT /home/ts/.local/share/agent-comms/runtime-registry-tools-20260928/lib/python3.14/site-packages/textual/message_pump.py 604
TASK <Task pending name="message pump CommsRow(classes='group-title channel-header')" coro=<MessagePump._process_messages() running at /home/ts/.local/share/agent-comms/runtime-registry-tools-20260928/lib/python3.14/site-packages/textual/message_pump.py:604> wait_for=<Future pending cb=[Task.task_wakeup()]>>
AT /home/ts/.local/share/agent-comms/runtime-registry-tools-20260928/lib/python3.14/site-packages/textual/message_pump.py 604
TASK <Task pending name="message pump CommsRow(classes='group-title channel-header')" coro=<MessagePump._process_messages() running at /home/ts/.local/share/agent-comms/runtime-registry-tools-20260928/lib/python3.14/site-packages/textual/message_pump.py:604> wait_for=<Future pending cb=[Task.task_wakeup()]>>
AT /home/ts/.local/share/agent-comms/runtime-registry-tools-20260928/lib/python3.14/site-packages/textual/message_pump.py 604
TASK <Task pending name='message pump ProjectSearchButton()' coro=<MessagePump._process_messages() running at /home/ts/.local/share/agent-comms/runtime-registry-tools-20260928/lib/python3.14/site-packages/textual/message_pump.py:604> wait_for=<Future pending cb=[Task.task_wakeup()]>>
AT /home/ts/.local/share/agent-comms/runtime-registry-tools-20260928/lib/python3.14/site-packages/textual/message_pump.py 604
TASK <Task pending name='message pump ChannelUnread()' coro=<MessagePump._process_messages() running at /home/ts/.local/share/agent-comms/runtime-registry-tools-20260928/lib/python3.14/site-packages/textual/message_pump.py:604> wait_for=<Future pending cb=[Task.task_wakeup()]>>
AT /home/ts/.local/share/agent-comms/runtime-registry-tools-20260928/lib/python3.14/site-packages/textual/message_pump.py 604
TASK <Task pending name='message pump ChannelUnread()' coro=<MessagePump._process_messages() running at /home/ts/.local/share/agent-comms/runtime-registry-tools-20260928/lib/python3.14/site-packages/textual/message_pump.py:604> wait_for=<Future pending cb=[Task.task_wakeup()]>>
AT /home/ts/.local/share/agent-comms/runtime-registry-tools-20260928/lib/python3.14/site-packages/textual/message_pump.py 604
TASK <Task pending name='message pump ChannelUnread()' coro=<MessagePump._process_messages() running at /home/ts/.local/share/agent-comms/runtime-registry-tools-20260928/lib/python3.14/site-packages/textual/message_pump.py:604> wait_for=<Future pending cb=[Task.task_wakeup()]>>
AT /home/ts/.local/share/agent-comms/runtime-registry-tools-20260928/lib/python3.14/site-packages/textual/message_pump.py 604
TASK <Task pending name='message pump ChannelUnread()' coro=<MessagePump._process_messages() running at /home/ts/.local/share/agent-comms/runtime-registry-tools-20260928/lib/python3.14/site-packages/textual/message_pump.py:604> wait_for=<Future pending cb=[Task.task_wakeup()]>>
AT /home/ts/.local/share/agent-comms/runtime-registry-tools-20260928/lib/python3.14/site-packages/textual/message_pump.py 604
TASK <Task pending name="message pump VerticalGroup(id='option-container')" coro=<MessagePump._process_messages() running at /home/ts/.local/share/agent-comms/runtime-registry-tools-20260928/lib/python3.14/site-packages/textual/message_pump.py:604> wait_for=<Future pending cb=[Task.task_wakeup()]>>
AT /home/ts/.local/share/agent-comms/runtime-registry-tools-20260928/lib/python3.14/site-packages/textual/message_pump.py 604
TASK <Task pending name="message pump SidebarHeader(classes='group-header')" coro=<MessagePump._process_messages() running at /home/ts/.local/share/agent-comms/runtime-registry-tools-20260928/lib/python3.14/site-packages/textual/message_pump.py:604> wait_for=<Future pending cb=[Task.task_wakeup()]>>
AT /home/ts/.local/share/agent-comms/runtime-registry-tools-20260928/lib/python3.14/site-packages/textual/message_pump.py 604
TASK <Task pending name='message pump ChannelUnread()' coro=<MessagePump._process_messages() running at /home/ts/.local/share/agent-comms/runtime-registry-tools-20260928/lib/python3.14/site-packages/textual/message_pump.py:604> wait_for=<Future pending cb=[Task.task_wakeup()]>>
AT /home/ts/.local/share/agent-comms/runtime-registry-tools-20260928/lib/python3.14/site-packages/textual/message_pump.py 604
TASK <Task pending name='message pump ChannelUnread()' coro=<MessagePump._process_messages() running at /home/ts/.local/share/agent-comms/runtime-registry-tools-20260928/lib/python3.14/site-packages/textual/message_pump.py:604> wait_for=<Future pending cb=[Task.task_wakeup()]>>
AT /home/ts/.local/share/agent-comms/runtime-registry-tools-20260928/lib/python3.14/site-packages/textual/message_pump.py 604
TASK <Task pending name='message pump ChannelUnread()' coro=<MessagePump._process_messages() running at /home/ts/.local/share/agent-comms/runtime-registry-tools-20260928/lib/python3.14/site-packages/textual/message_pump.py:604> wait_for=<Future pending cb=[Task.task_wakeup()]>>
AT /home/ts/.local/share/agent-comms/runtime-registry-tools-20260928/lib/python3.14/site-packages/textual/message_pump.py 604
TASK <Task pending name='message pump ChannelUnread()' coro=<MessagePump._process_messages() running at /home/ts/.local/share/agent-comms/runtime-registry-tools-20260928/lib/python3.14/site-packages/textual/message_pump.py:604> wait_for=<Future pending cb=[Task.task_wakeup()]>>
AT /home/ts/.local/share/agent-comms/runtime-registry-tools-20260928/lib/python3.14/site-packages/textual/message_pump.py 604
TASK <Task pending name='message pump Horizontal()' coro=<MessagePump._process_messages() running at /home/ts/.local/share/agent-comms/runtime-registry-tools-20260928/lib/python3.14/site-packages/textual/message_pump.py:604> wait_for=<Future pending cb=[Task.task_wakeup()]>>
AT /home/ts/.local/share/agent-comms/runtime-registry-tools-20260928/lib/python3.14/site-packages/textual/message_pump.py 604
TASK <Task pending name="message pump MainMenuButton(id='main-menu')" coro=<MessagePump._process_messages() running at /home/ts/.local/share/agent-comms/runtime-registry-tools-20260928/lib/python3.14/site-packages/textual/message_pump.py:604> wait_for=<Future pending cb=[Task.task_wakeup()]>>
AT /home/ts/.local/share/agent-comms/runtime-registry-tools-20260928/lib/python3.14/site-packages/textual/message_pump.py 604
TASK <Task pending name="message pump Checkbox(id='filter-thinking', classes='-textual-compact message-filter')" coro=<MessagePump._process_messages() running at /home/ts/.local/share/agent-comms/runtime-registry-tools-20260928/lib/python3.14/site-packages/textual/message_pump.py:604> wait_for=<Future pending cb=[Task.task_wakeup()]>>
AT /home/ts/.local/share/agent-comms/runtime-registry-tools-20260928/lib/python3.14/site-packages/textual/message_pump.py 604
TASK <Task pending name="message pump SidebarHeader(classes='group-header')" coro=<MessagePump._process_messages() running at /home/ts/.local/share/agent-comms/runtime-registry-tools-20260928/lib/python3.14/site-packages/textual/message_pump.py:604> wait_for=<Future pending cb=[Task.task_wakeup()]>>
AT /home/ts/.local/share/agent-comms/runtime-registry-tools-20260928/lib/python3.14/site-packages/textual/message_pump.py 604
TASK <Task pending name="message pump SidebarMembers(classes='group-members channel-members')" coro=<MessagePump._process_messages() running at /home/ts/.local/share/agent-comms/runtime-registry-tools-20260928/lib/python3.14/site-packages/textual/message_pump.py:604> wait_for=<Future pending cb=[Task.task_wakeup()]>>
AT /home/ts/.local/share/agent-comms/runtime-registry-tools-20260928/lib/python3.14/site-packages/textual/message_pump.py 604
TASK <Task pending name='message pump SessionSort()' coro=<MessagePump._process_messages() running at /home/ts/.local/share/agent-comms/runtime-registry-tools-20260928/lib/python3.14/site-packages/textual/message_pump.py:604> wait_for=<Future pending cb=[Task.task_wakeup()]>>
AT /home/ts/.local/share/agent-comms/runtime-registry-tools-20260928/lib/python3.14/site-packages/textual/message_pump.py 604
TASK <Task pending name='message pump SessionSort()' coro=<MessagePump._process_messages() running at /home/ts/.local/share/agent-comms/runtime-registry-tools-20260928/lib/python3.14/site-packages/textual/message_pump.py:604> wait_for=<Future pending cb=[Task.task_wakeup()]>>
AT /home/ts/.local/share/agent-comms/runtime-registry-tools-20260928/lib/python3.14/site-packages/textual/message_pump.py 604
TASK <Task pending name='message pump SessionSort()' coro=<MessagePump._process_messages() running at /home/ts/.local/share/agent-comms/runtime-registry-tools-20260928/lib/python3.14/site-packages/textual/message_pump.py:604> wait_for=<Future pending cb=[Task.task_wakeup()]>>
AT /home/ts/.local/share/agent-comms/runtime-registry-tools-20260928/lib/python3.14/site-packages/textual/message_pump.py 604
TASK <Task pending name='message pump SessionSort()' coro=<MessagePump._process_messages() running at /home/ts/.local/share/agent-comms/runtime-registry-tools-20260928/lib/python3.14/site-packages/textual/message_pump.py:604> wait_for=<Future pending cb=[Task.task_wakeup()]>>
AT /home/ts/.local/share/agent-comms/runtime-registry-tools-20260928/lib/python3.14/site-packages/textual/message_pump.py 604
TASK <Task pending name="message pump MarkdownH2(id='heading-early-progress-140427984661520', name='heading_open', classes='level-0')" coro=<MessagePump._process_messages() running at /home/ts/.local/share/agent-comms/runtime-registry-tools-20260928/lib/python3.14/site-packages/textual/message_pump.py:604> wait_for=<Future pending cb=[Task.task_wakeup()]>>
AT /home/ts/.local/share/agent-comms/runtime-registry-tools-20260928/lib/python3.14/site-packages/textual/message_pump.py 604
TASK <Task pending name='message pump SideBarToggle()' coro=<MessagePump._process_messages() running at /home/ts/.local/share/agent-comms/runtime-registry-tools-20260928/lib/python3.14/site-packages/textual/message_pump.py:604> wait_for=<Future pending cb=[Task.task_wakeup()]>>
AT /home/ts/.local/share/agent-comms/runtime-registry-tools-20260928/lib/python3.14/site-packages/textual/message_pump.py 604
TASK <Task pending name="message pump SidebarMembers(classes='group-members channel-members')" coro=<MessagePump._process_messages() running at /home/ts/.local/share/agent-comms/runtime-registry-tools-20260928/lib/python3.14/site-packages/textual/message_pump.py:604> wait_for=<Future pending cb=[Task.task_wakeup()]>>
AT /home/ts/.local/share/agent-comms/runtime-registry-tools-20260928/lib/python3.14/site-packages/textual/message_pump.py 604
TASK <Task pending name="message pump SidebarHeader(classes='group-header')" coro=<MessagePump._process_messages() running at /home/ts/.local/share/agent-comms/runtime-registry-tools-20260928/lib/python3.14/site-packages/textual/message_pump.py:604> wait_for=<Future pending cb=[Task.task_wakeup()]>>
AT /home/ts/.local/share/agent-comms/runtime-registry-tools-20260928/lib/python3.14/site-packages/textual/message_pump.py 604
TASK <Task pending name="message pump TabHistoryButton(id='tab-back')" coro=<MessagePump._process_messages() running at /home/ts/.local/share/agent-comms/runtime-registry-tools-20260928/lib/python3.14/site-packages/textual/message_pump.py:604> wait_for=<Future pending cb=[Task.task_wakeup()]>>
AT /home/ts/.local/share/agent-comms/runtime-registry-tools-20260928/lib/python3.14/site-packages/textual/message_pump.py 604
TASK <Task pending name='message pump CollapsibleTitle()' coro=<MessagePump._process_messages() running at /home/ts/.local/share/agent-comms/runtime-registry-tools-20260928/lib/python3.14/site-packages/textual/message_pump.py:604> wait_for=<Future pending cb=[Task.task_wakeup()]>>
AT /home/ts/.local/share/agent-comms/runtime-registry-tools-20260928/lib/python3.14/site-packages/textual/message_pump.py 604
TASK <Task pending name="message pump SidebarHeader(classes='group-header')" coro=<MessagePump._process_messages() running at /home/ts/.local/share/agent-comms/runtime-registry-tools-20260928/lib/python3.14/site-packages/textual/message_pump.py:604> wait_for=<Future pending cb=[Task.task_wakeup()]>>
AT /home/ts/.local/share/agent-comms/runtime-registry-tools-20260928/lib/python3.14/site-packages/textual/message_pump.py 604
TASK <Task pending name="message pump SidebarMembers(classes='group-members channel-members')" coro=<MessagePump._process_messages() running at /home/ts/.local/share/agent-comms/runtime-registry-tools-20260928/lib/python3.14/site-packages/textual/message_pump.py:604> wait_for=<Future pending cb=[Task.task_wakeup()]>>
AT /home/ts/.local/share/agent-comms/runtime-registry-tools-20260928/lib/python3.14/site-packages/textual/message_pump.py 604
TASK <Task pending name="message pump CursorContainer(id='cursor-container')" coro=<MessagePump._process_messages() running at /home/ts/.local/share/agent-comms/runtime-registry-tools-20260928/lib/python3.14/site-packages/textual/message_pump.py:604> wait_for=<Future pending cb=[Task.task_wakeup()]>>
AT /home/ts/.local/share/agent-comms/runtime-registry-tools-20260928/lib/python3.14/site-packages/textual/message_pump.py 604
TASK <Task pending name="message pump GoalControl(id='goal-toggle')" coro=<MessagePump._process_messages() running at /home/ts/.local/share/agent-comms/runtime-registry-tools-20260928/lib/python3.14/site-packages/textual/message_pump.py:604> wait_for=<Future pending cb=[Task.task_wakeup()]>>
AT /home/ts/.local/share/agent-comms/runtime-registry-tools-20260928/lib/python3.14/site-packages/textual/message_pump.py 604
TASK <Task pending name="message pump HorizontalGroup(id='text-prompt')" coro=<MessagePump._process_messages() running at /home/ts/.local/share/agent-comms/runtime-registry-tools-20260928/lib/python3.14/site-packages/textual/message_pump.py:604> wait_for=<Future pending cb=[Task.task_wakeup()]>>
AT /home/ts/.local/share/agent-comms/runtime-registry-tools-20260928/lib/python3.14/site-packages/textual/message_pump.py 604
TASK <Task pending name="message pump SidebarMembers(classes='group-members channel-members')" coro=<MessagePump._process_messages() running at /home/ts/.local/share/agent-comms/runtime-registry-tools-20260928/lib/python3.14/site-packages/textual/message_pump.py:604> wait_for=<Future pending cb=[Task.task_wakeup()]>>
AT /home/ts/.local/share/agent-comms/runtime-registry-tools-20260928/lib/python3.14/site-packages/textual/message_pump.py 604
TASK <Task pending name='message pump PathSearch()' coro=<MessagePump._process_messages() running at /home/ts/.local/share/agent-comms/runtime-registry-tools-20260928/lib/python3.14/site-packages/textual/message_pump.py:604> wait_for=<Future pending cb=[Task.task_wakeup()]>>
AT /home/ts/.local/share/agent-comms/runtime-registry-tools-20260928/lib/python3.14/site-packages/textual/message_pump.py 604
TASK <Task pending name="message pump GoalControl(id='goal-edit')" coro=<MessagePump._process_messages() running at /home/ts/.local/share/agent-comms/runtime-registry-tools-20260928/lib/python3.14/site-packages/textual/message_pump.py:604> wait_for=<Future pending cb=[Task.task_wakeup()]>>
AT /home/ts/.local/share/agent-comms/runtime-registry-tools-20260928/lib/python3.14/site-packages/textual/message_pump.py 604
TASK <Task pending name='message pump TranscriptPageView()' coro=<MessagePump._process_messages() running at /home/ts/.local/share/agent-comms/runtime-registry-tools-20260928/lib/python3.14/site-packages/textual/message_pump.py:604> wait_for=<Future pending cb=[Task.task_wakeup()]>>
AT /home/ts/.local/share/agent-comms/runtime-registry-tools-20260928/lib/python3.14/site-packages/textual/message_pump.py 604
TASK <Task pending name="message pump Horizontal(id='sidebar-layout-actions')" coro=<MessagePump._process_messages() running at /home/ts/.local/share/agent-comms/runtime-registry-tools-20260928/lib/python3.14/site-packages/textual/message_pump.py:604> wait_for=<Future pending cb=[Task.task_wakeup()]>>
AT /home/ts/.local/share/agent-comms/runtime-registry-tools-20260928/lib/python3.14/site-packages/textual/message_pump.py 604
TASK <Task pending name="message pump Static(id='delivery-history-summary')" coro=<MessagePump._process_messages() running at /home/ts/.local/share/agent-comms/runtime-registry-tools-20260928/lib/python3.14/site-packages/textual/message_pump.py:604> wait_for=<Future pending cb=[Task.task_wakeup()]>>
AT /home/ts/.local/share/agent-comms/runtime-registry-tools-20260928/lib/python3.14/site-packages/textual/message_pump.py 604
TASK <Task pending name='message pump ChannelDisclosure()' coro=<MessagePump._process_messages() running at /home/ts/.local/share/agent-comms/runtime-registry-tools-20260928/lib/python3.14/site-packages/textual/message_pump.py:604> wait_for=<Future pending cb=[Task.task_wakeup()]>>
AT /home/ts/.local/share/agent-comms/runtime-registry-tools-20260928/lib/python3.14/site-packages/textual/message_pump.py 604
TASK <Task pending name='message pump ChannelDisclosure()' coro=<MessagePump._process_messages() running at /home/ts/.local/share/agent-comms/runtime-registry-tools-20260928/lib/python3.14/site-packages/textual/message_pump.py:604> wait_for=<Future pending cb=[Task.task_wakeup()]>>
AT /home/ts/.local/share/agent-comms/runtime-registry-tools-20260928/lib/python3.14/site-packages/textual/message_pump.py 604
TASK <Task pending name='message pump ChannelDisclosure()' coro=<MessagePump._process_messages() running at /home/ts/.local/share/agent-comms/runtime-registry-tools-20260928/lib/python3.14/site-packages/textual/message_pump.py:604> wait_for=<Future pending cb=[Task.task_wakeup()]>>
AT /home/ts/.local/share/agent-comms/runtime-registry-tools-20260928/lib/python3.14/site-packages/textual/message_pump.py 604
TASK <Task pending name='message pump ChannelDisclosure()' coro=<MessagePump._process_messages() running at /home/ts/.local/share/agent-comms/runtime-registry-tools-20260928/lib/python3.14/site-packages/textual/message_pump.py:604> wait_for=<Future pending cb=[Task.task_wakeup()]>>
AT /home/ts/.local/share/agent-comms/runtime-registry-tools-20260928/lib/python3.14/site-packages/textual/message_pump.py 604
TASK <Task pending name="message pump GoalControl(id='goal-clear')" coro=<MessagePump._process_messages() running at /home/ts/.local/share/agent-comms/runtime-registry-tools-20260928/lib/python3.14/site-packages/textual/message_pump.py:604> wait_for=<Future pending cb=[Task.task_wakeup()]>>
AT /home/ts/.local/share/agent-comms/runtime-registry-tools-20260928/lib/python3.14/site-packages/textual/message_pump.py 604
TASK <Task pending name="message pump ScrollBar(name='horizontal', classes='-textual-system', window_virtual_size=100, window_size=0, position=0)" coro=<MessagePump._process_messages() running at /home/ts/.local/share/agent-comms/runtime-registry-tools-20260928/lib/python3.14/site-packages/textual/message_pump.py:604> wait_for=<Future pending cb=[Task.task_wakeup()]>>
AT /home/ts/.local/share/agent-comms/runtime-registry-tools-20260928/lib/python3.14/site-packages/textual/message_pump.py 604
TASK <Task pending name='message pump ChannelGroup()' coro=<MessagePump._process_messages() running at /home/ts/.local/share/agent-comms/runtime-registry-tools-20260928/lib/python3.14/site-packages/textual/message_pump.py:604> wait_for=<Future pending cb=[Task.task_wakeup()]>>
AT /home/ts/.local/share/agent-comms/runtime-registry-tools-20260928/lib/python3.14/site-packages/textual/message_pump.py 604
TASK <Task pending name="message pump SidebarHeader(classes='group-header')" coro=<MessagePump._process_messages() running at /home/ts/.local/share/agent-comms/runtime-registry-tools-20260928/lib/python3.14/site-packages/textual/message_pump.py:604> wait_for=<Future pending cb=[Task.task_wakeup()]>>
AT /home/ts/.local/share/agent-comms/runtime-registry-tools-20260928/lib/python3.14/site-packages/textual/message_pump.py 604
TASK <Task pending name="message pump CommsRow(classes='group-title channel-header')" coro=<MessagePump._process_messages() running at /home/ts/.local/share/agent-comms/runtime-registry-tools-20260928/lib/python3.14/site-packages/textual/message_pump.py:604> wait_for=<Future pending cb=[Task.task_wakeup()]>>
AT /home/ts/.local/share/agent-comms/runtime-registry-tools-20260928/lib/python3.14/site-packages/textual/message_pump.py 604
TASK <Task pending name="message pump CommsRow(classes='group-title channel-header')" coro=<MessagePump._process_messages() running at /home/ts/.local/share/agent-comms/runtime-registry-tools-20260928/lib/python3.14/site-packages/textual/message_pump.py:604> wait_for=<Future pending cb=[Task.task_wakeup()]>>
AT /home/ts/.local/share/agent-comms/runtime-registry-tools-20260928/lib/python3.14/site-packages/textual/message_pump.py 604
TASK <Task pending name="message pump CommsRow(classes='group-title channel-header')" coro=<MessagePump._process_messages() running at /home/ts/.local/share/agent-comms/runtime-registry-tools-20260928/lib/python3.14/site-packages/textual/message_pump.py:604> wait_for=<Future pending cb=[Task.task_wakeup()]>>
AT /home/ts/.local/share/agent-comms/runtime-registry-tools-20260928/lib/python3.14/site-packages/textual/message_pump.py 604
TASK <Task pending name="message pump CommsRow(classes='group-title channel-header')" coro=<MessagePump._process_messages() running at /home/ts/.local/share/agent-comms/runtime-registry-tools-20260928/lib/python3.14/site-packages/textual/message_pump.py:604> wait_for=<Future pending cb=[Task.task_wakeup()]>>
AT /home/ts/.local/share/agent-comms/runtime-registry-tools-20260928/lib/python3.14/site-packages/textual/message_pump.py 604
TASK <Task pending name='Task-1635' coro=<ObservedThreadActivity._observe() running at /home/ts/.local/share/agent-comms/runtime-registry-tools-20260928/lib/python3.14/site-packages/toad/widgets/observed_thread_activity.py:45>>
AT /home/ts/.local/share/agent-comms/runtime-registry-tools-20260928/lib/python3.14/site-packages/toad/widgets/observed_thread_activity.py 45
TASK <Task pending name='message pump CollapsibleTitle()' coro=<MessagePump._process_messages() running at /home/ts/.local/share/agent-comms/runtime-registry-tools-20260928/lib/python3.14/site-packages/textual/message_pump.py:604> wait_for=<Future pending cb=[Task.task_wakeup()]>>
AT /home/ts/.local/share/agent-comms/runtime-registry-tools-20260928/lib/python3.14/site-packages/textual/message_pump.py 604
TASK <Task pending name="message pump Plan(classes='block')" coro=<MessagePump._process_messages() running at /home/ts/.local/share/agent-comms/runtime-registry-tools-20260928/lib/python3.14/site-packages/textual/message_pump.py:604> wait_for=<Future pending cb=[Task.task_wakeup()]>>
AT /home/ts/.local/share/agent-comms/runtime-registry-tools-20260928/lib/python3.14/site-packages/textual/message_pump.py 604
TASK <Task pending name="message pump TabHistoryButton(id='tab-back')" coro=<MessagePump._process_messages() running at /home/ts/.local/share/agent-comms/runtime-registry-tools-20260928/lib/python3.14/site-packages/textual/message_pump.py:604> wait_for=<Future pending cb=[Task.task_wakeup()]>>
AT /home/ts/.local/share/agent-comms/runtime-registry-tools-20260928/lib/python3.14/site-packages/textual/message_pump.py 604
TASK <Task pending name="message pump SidebarResizeHandle(id='sidebar-resize-handle')" coro=<MessagePump._process_messages() running at /home/ts/.local/share/agent-comms/runtime-registry-tools-20260928/lib/python3.14/site-packages/textual/message_pump.py:604> wait_for=<Future pending cb=[Task.task_wakeup()]>>
AT /home/ts/.local/share/agent-comms/runtime-registry-tools-20260928/lib/python3.14/site-packages/textual/message_pump.py 604
TASK <Task pending name="message pump SidebarMembers(classes='group-members channel-members')" coro=<MessagePump._process_messages() running at /home/ts/.local/share/agent-comms/runtime-registry-tools-20260928/lib/python3.14/site-packages/textual/message_pump.py:604> wait_for=<Future pending cb=[Task.task_wakeup()]>>
AT /home/ts/.local/share/agent-comms/runtime-registry-tools-20260928/lib/python3.14/site-packages/textual/message_pump.py 604
TASK <Task pending name='message pump Contents()' coro=<MessagePump._process_messages() running at /home/ts/.local/share/agent-comms/runtime-registry-tools-20260928/lib/python3.14/site-packages/textual/message_pump.py:604> wait_for=<Future pending cb=[Task.task_wakeup()]>>
AT /home/ts/.local/share/agent-comms/runtime-registry-tools-20260928/lib/python3.14/site-packages/textual/message_pump.py 604
TASK <Task pending name="message pump Checkbox(id='filter-tool', classes='-textual-compact message-filter')" coro=<MessagePump._process_messages() running at /home/ts/.local/share/agent-comms/runtime-registry-tools-20260928/lib/python3.14/site-packages/textual/message_pump.py:604> wait_for=<Future pending cb=[Task.task_wakeup()]>>
AT /home/ts/.local/share/agent-comms/runtime-registry-tools-20260928/lib/python3.14/site-packages/textual/message_pump.py 604
TASK <Task pending name="message pump ScrollBar(name='vertical', classes='-textual-system', window_virtual_size=100, window_size=0, position=0)" coro=<MessagePump._process_messages() running at /home/ts/.local/share/agent-comms/runtime-registry-tools-20260928/lib/python3.14/site-packages/textual/message_pump.py:604> wait_for=<Future pending cb=[Task.task_wakeup()]>>
AT /home/ts/.local/share/agent-comms/runtime-registry-tools-20260928/lib/python3.14/site-packages/textual/message_pump.py 604
TASK <Task pending name='message pump ChannelGroup()' coro=<MessagePump._process_messages() running at /home/ts/.local/share/agent-comms/runtime-registry-tools-20260928/lib/python3.14/site-packages/textual/message_pump.py:604> wait_for=<Future pending cb=[Task.task_wakeup()]>>
AT /home/ts/.local/share/agent-comms/runtime-registry-tools-20260928/lib/python3.14/site-packages/textual/message_pump.py 604
TASK <Task pending name='message pump Contents()' coro=<MessagePump._process_messages() running at /home/ts/.local/share/agent-comms/runtime-registry-tools-20260928/lib/python3.14/site-packages/textual/message_pump.py:604> wait_for=<Future pending cb=[Task.task_wakeup()]>>
AT /home/ts/.local/share/agent-comms/runtime-registry-tools-20260928/lib/python3.14/site-packages/textual/message_pump.py 604
TASK <Task pending name="message pump TabHistoryButton(id='tab-forward')" coro=<MessagePump._process_messages() running at /home/ts/.local/share/agent-comms/runtime-registry-tools-20260928/lib/python3.14/site-packages/textual/message_pump.py:604> wait_for=<Future pending cb=[Task.task_wakeup()]>>
AT /home/ts/.local/share/agent-comms/runtime-registry-tools-20260928/lib/python3.14/site-packages/textual/message_pump.py 604
TASK <Task pending name="message pump SidebarHeader(classes='group-header')" coro=<MessagePump._process_messages() running at /home/ts/.local/share/agent-comms/runtime-registry-tools-20260928/lib/python3.14/site-packages/textual/message_pump.py:604> wait_for=<Future pending cb=[Task.task_wakeup()]>>
AT /home/ts/.local/share/agent-comms/runtime-registry-tools-20260928/lib/python3.14/site-packages/textual/message_pump.py 604
TASK <Task pending name='message pump ChannelUnread()' coro=<MessagePump._process_messages() running at /home/ts/.local/share/agent-comms/runtime-registry-tools-20260928/lib/python3.14/site-packages/textual/message_pump.py:604> wait_for=<Future pending cb=[Task.task_wakeup()]>>
AT /home/ts/.local/share/agent-comms/runtime-registry-tools-20260928/lib/python3.14/site-packages/textual/message_pump.py 604
TASK <Task pending name='message pump SessionsTabs()' coro=<MessagePump._process_messages() running at /home/ts/.local/share/agent-comms/runtime-registry-tools-20260928/lib/python3.14/site-packages/textual/message_pump.py:604> wait_for=<Future pending cb=[Task.task_wakeup()]>>
AT /home/ts/.local/share/agent-comms/runtime-registry-tools-20260928/lib/python3.14/site-packages/textual/message_pump.py 604
TASK <Task pending name="message pump SlashCompleteInput(classes='-textual-compact')" coro=<MessagePump._process_messages() running at /home/ts/.local/share/agent-comms/runtime-registry-tools-20260928/lib/python3.14/site-packages/textual/message_pump.py:604> wait_for=<Future pending cb=[Task.task_wakeup()]>>
AT /home/ts/.local/share/agent-comms/runtime-registry-tools-20260928/lib/python3.14/site-packages/textual/message_pump.py 604
TASK <Task pending name="message pump Contents(id='contents')" coro=<MessagePump._process_messages() running at /home/ts/.local/share/agent-comms/runtime-registry-tools-20260928/lib/python3.14/site-packages/textual/message_pump.py:604> wait_for=<Future pending cb=[Task.task_wakeup()]>>
AT /home/ts/.local/share/agent-comms/runtime-registry-tools-20260928/lib/python3.14/site-packages/textual/message_pump.py 604
TASK <Task pending name="message pump SidebarMembers(classes='group-members channel-members')" coro=<MessagePump._process_messages() running at /home/ts/.local/share/agent-comms/runtime-registry-tools-20260928/lib/python3.14/site-packages/textual/message_pump.py:604> wait_for=<Future pending cb=[Task.task_wakeup()]>>
AT /home/ts/.local/share/agent-comms/runtime-registry-tools-20260928/lib/python3.14/site-packages/textual/message_pump.py 604
TASK <Task pending name="message pump ScrollBar(name='vertical', classes='-textual-system', window_virtual_size=100, window_size=0, position=0)" coro=<MessagePump._process_messages() running at /home/ts/.local/share/agent-comms/runtime-registry-tools-20260928/lib/python3.14/site-packages/textual/message_pump.py:604> wait_for=<Future pending cb=[Task.task_wakeup()]>>
AT /home/ts/.local/share/agent-comms/runtime-registry-tools-20260928/lib/python3.14/site-packages/textual/message_pump.py 604
TASK <Task pending name="message pump SidebarHeader(classes='group-header')" coro=<MessagePump._process_messages() running at /home/ts/.local/share/agent-comms/runtime-registry-tools-20260928/lib/python3.14/site-packages/textual/message_pump.py:604> wait_for=<Future pending cb=[Task.task_wakeup()]>>
AT /home/ts/.local/share/agent-comms/runtime-registry-tools-20260928/lib/python3.14/site-packages/textual/message_pump.py 604
TASK <Task pending name='message pump ChannelDisclosure()' coro=<MessagePump._process_messages() running at /home/ts/.local/share/agent-comms/runtime-registry-tools-20260928/lib/python3.14/site-packages/textual/message_pump.py:604> wait_for=<Future pending cb=[Task.task_wakeup()]>>
AT /home/ts/.local/share/agent-comms/runtime-registry-tools-20260928/lib/python3.14/site-packages/textual/message_pump.py 604
TASK <Task pending name='message pump ChannelDisclosure()' coro=<MessagePump._process_messages() running at /home/ts/.local/share/agent-comms/runtime-registry-tools-20260928/lib/python3.14/site-packages/textual/message_pump.py:604> wait_for=<Future pending cb=[Task.task_wakeup()]>>
AT /home/ts/.local/share/agent-comms/runtime-registry-tools-20260928/lib/python3.14/site-packages/textual/message_pump.py 604
TASK <Task pending name='message pump ChannelDisclosure()' coro=<MessagePump._process_messages() running at /home/ts/.local/share/agent-comms/runtime-registry-tools-20260928/lib/python3.14/site-packages/textual/message_pump.py:604> wait_for=<Future pending cb=[Task.task_wakeup()]>>
AT /home/ts/.local/share/agent-comms/runtime-registry-tools-20260928/lib/python3.14/site-packages/textual/message_pump.py 604
TASK <Task pending name='message pump ChannelDisclosure()' coro=<MessagePump._process_messages() running at /home/ts/.local/share/agent-comms/runtime-registry-tools-20260928/lib/python3.14/site-packages/textual/message_pump.py:604> wait_for=<Future pending cb=[Task.task_wakeup()]>>
AT /home/ts/.local/share/agent-comms/runtime-registry-tools-20260928/lib/python3.14/site-packages/textual/message_pump.py 604
TASK <Task pending name="message pump QueueSummary(classes='queue-summary')" coro=<MessagePump._process_messages() running at /home/ts/.local/share/agent-comms/runtime-registry-tools-20260928/lib/python3.14/site-packages/textual/message_pump.py:604> wait_for=<Future pending cb=[Task.task_wakeup()]>>
AT /home/ts/.local/share/agent-comms/runtime-registry-tools-20260928/lib/python3.14/site-packages/textual/message_pump.py 604
TASK <Task pending name='message pump ChannelUnread()' coro=<MessagePump._process_messages() running at /home/ts/.local/share/agent-comms/runtime-registry-tools-20260928/lib/python3.14/site-packages/textual/message_pump.py:604> wait_for=<Future pending cb=[Task.task_wakeup()]>>
AT /home/ts/.local/share/agent-comms/runtime-registry-tools-20260928/lib/python3.14/site-packages/textual/message_pump.py 604
TASK <Task pending name='message pump ChannelUnread()' coro=<MessagePump._process_messages() running at /home/ts/.local/share/agent-comms/runtime-registry-tools-20260928/lib/python3.14/site-packages/textual/message_pump.py:604> wait_for=<Future pending cb=[Task.task_wakeup()]>>
AT /home/ts/.local/share/agent-comms/runtime-registry-tools-20260928/lib/python3.14/site-packages/textual/message_pump.py 604
TASK <Task pending name='message pump ChannelUnread()' coro=<MessagePump._process_messages() running at /home/ts/.local/share/agent-comms/runtime-registry-tools-20260928/lib/python3.14/site-packages/textual/message_pump.py:604> wait_for=<Future pending cb=[Task.task_wakeup()]>>
AT /home/ts/.local/share/agent-comms/runtime-registry-tools-20260928/lib/python3.14/site-packages/textual/message_pump.py 604
TASK <Task pending name="message pump MarkdownBulletList(name='bullet_list_open', classes='level-0')" coro=<MessagePump._process_messages() running at /home/ts/.local/share/agent-comms/runtime-registry-tools-20260928/lib/python3.14/site-packages/textual/message_pump.py:604> wait_for=<Future pending cb=[Task.task_wakeup()]>>
AT /home/ts/.local/share/agent-comms/runtime-registry-tools-20260928/lib/python3.14/site-packages/textual/message_pump.py 604
TASK <Task pending name="message pump SidebarViewport(id='sidebar-panels')" coro=<MessagePump._process_messages() running at /home/ts/.local/share/agent-comms/runtime-registry-tools-20260928/lib/python3.14/site-packages/textual/message_pump.py:604> wait_for=<Future pending cb=[Task.task_wakeup()]>>
AT /home/ts/.local/share/agent-comms/runtime-registry-tools-20260928/lib/python3.14/site-packages/textual/message_pump.py 604
TASK <Task pending name="message pump SidebarHeader(classes='group-header')" coro=<MessagePump._process_messages() running at /home/ts/.local/share/agent-comms/runtime-registry-tools-20260928/lib/python3.14/site-packages/textual/message_pump.py:604> wait_for=<Future pending cb=[Task.task_wakeup()]>>
AT /home/ts/.local/share/agent-comms/runtime-registry-tools-20260928/lib/python3.14/site-packages/textual/message_pump.py 604
TASK <Task pending name="message pump SidebarMembers(classes='group-members channel-members')" coro=<MessagePump._process_messages() running at /home/ts/.local/share/agent-comms/runtime-registry-tools-20260928/lib/python3.14/site-packages/textual/message_pump.py:604> wait_for=<Future pending cb=[Task.task_wakeup()]>>
AT /home/ts/.local/share/agent-comms/runtime-registry-tools-20260928/lib/python3.14/site-packages/textual/message_pump.py 604
TASK <Task pending name="message pump CommsRow(classes='group-title channel-header')" coro=<MessagePump._process_messages() running at /home/ts/.local/share/agent-comms/runtime-registry-tools-20260928/lib/python3.14/site-packages/textual/message_pump.py:604> wait_for=<Future pending cb=[Task.task_wakeup()]>>
AT /home/ts/.local/share/agent-comms/runtime-registry-tools-20260928/lib/python3.14/site-packages/textual/message_pump.py 604
TASK <Task pending name="message pump CommsRow(classes='group-title channel-header')" coro=<MessagePump._process_messages() running at /home/ts/.local/share/agent-comms/runtime-registry-tools-20260928/lib/python3.14/site-packages/textual/message_pump.py:604> wait_for=<Future pending cb=[Task.task_wakeup()]>>
AT /home/ts/.local/share/agent-comms/runtime-registry-tools-20260928/lib/python3.14/site-packages/textual/message_pump.py 604
TASK <Task pending name="message pump CommsRow(classes='group-title channel-header')" coro=<MessagePump._process_messages() running at /home/ts/.local/share/agent-comms/runtime-registry-tools-20260928/lib/python3.14/site-packages/textual/message_pump.py:604> wait_for=<Future pending cb=[Task.task_wakeup()]>>
AT /home/ts/.local/share/agent-comms/runtime-registry-tools-20260928/lib/python3.14/site-packages/textual/message_pump.py 604
TASK <Task pending name="message pump CommsRow(classes='group-title channel-header')" coro=<MessagePump._process_messages() running at /home/ts/.local/share/agent-comms/runtime-registry-tools-20260928/lib/python3.14/site-packages/textual/message_pump.py:604> wait_for=<Future pending cb=[Task.task_wakeup()]>>
AT /home/ts/.local/share/agent-comms/runtime-registry-tools-20260928/lib/python3.14/site-packages/textual/message_pump.py 604
TASK <Task pending name="message pump MarkdownH2(id='heading-context-for-suffix-140427984662800', name='heading_open', classes='level-0')" coro=<MessagePump._process_messages() running at /home/ts/.local/share/agent-comms/runtime-registry-tools-20260928/lib/python3.14/site-packages/textual/message_pump.py:604> wait_for=<Future pending cb=[Task.task_wakeup()]>>
AT /home/ts/.local/share/agent-comms/runtime-registry-tools-20260928/lib/python3.14/site-packages/textual/message_pump.py 604
TASK <Task pending name="message pump Static(id='delivery-error')" coro=<MessagePump._process_messages() running at /home/ts/.local/share/agent-comms/runtime-registry-tools-20260928/lib/python3.14/site-packages/textual/message_pump.py:604> wait_for=<Future pending cb=[Task.task_wakeup()]>>
AT /home/ts/.local/share/agent-comms/runtime-registry-tools-20260928/lib/python3.14/site-packages/textual/message_pump.py 604
TASK <Task pending name="message pump MarkdownParagraph(name='paragraph_open', classes='level-2')" coro=<MessagePump._process_messages() running at /home/ts/.local/share/agent-comms/runtime-registry-tools-20260928/lib/python3.14/site-packages/textual/message_pump.py:604> wait_for=<Future pending cb=[Task.task_wakeup()]>>
AT /home/ts/.local/share/agent-comms/runtime-registry-tools-20260928/lib/python3.14/site-packages/textual/message_pump.py 604
TASK <Task pending name="message pump SidebarSlider(id='sidebar-width-slider')" coro=<MessagePump._process_messages() running at /home/ts/.local/share/agent-comms/runtime-registry-tools-20260928/lib/python3.14/site-packages/textual/message_pump.py:604> wait_for=<Future pending cb=[Task.task_wakeup()]>>
AT /home/ts/.local/share/agent-comms/runtime-registry-tools-20260928/lib/python3.14/site-packages/textual/message_pump.py 604
TASK <Task pending name='set_interval#1' coro=<Timer._run_timer() running at /home/ts/.local/share/agent-comms/runtime-registry-tools-20260928/lib/python3.14/site-packages/textual/timer.py:148> wait_for=<Future pending cb=[Task.task_wakeup()]>>
AT /home/ts/.local/share/agent-comms/runtime-registry-tools-20260928/lib/python3.14/site-packages/textual/timer.py 148
TASK <Task pending name='message pump ChannelGroup()' coro=<MessagePump._process_messages() running at /home/ts/.local/share/agent-comms/runtime-registry-tools-20260928/lib/python3.14/site-packages/textual/message_pump.py:604> wait_for=<Future pending cb=[Task.task_wakeup()]>>
AT /home/ts/.local/share/agent-comms/runtime-registry-tools-20260928/lib/python3.14/site-packages/textual/message_pump.py 604
TASK <Task pending name="message pump SidebarMembers(classes='group-members channel-members')" coro=<MessagePump._process_messages() running at /home/ts/.local/share/agent-comms/runtime-registry-tools-20260928/lib/python3.14/site-packages/textual/message_pump.py:604> wait_for=<Future pending cb=[Task.task_wakeup()]>>
AT /home/ts/.local/share/agent-comms/runtime-registry-tools-20260928/lib/python3.14/site-packages/textual/message_pump.py 604
TASK <Task pending name='message pump SessionSort()' coro=<MessagePump._process_messages() running at /home/ts/.local/share/agent-comms/runtime-registry-tools-20260928/lib/python3.14/site-packages/textual/message_pump.py:604> wait_for=<Future pending cb=[Task.task_wakeup()]>>
AT /home/ts/.local/share/agent-comms/runtime-registry-tools-20260928/lib/python3.14/site-packages/textual/message_pump.py 604
TASK <Task pending name='message pump SessionSort()' coro=<MessagePump._process_messages() running at /home/ts/.local/share/agent-comms/runtime-registry-tools-20260928/lib/python3.14/site-packages/textual/message_pump.py:604> wait_for=<Future pending cb=[Task.task_wakeup()]>>
AT /home/ts/.local/share/agent-comms/runtime-registry-tools-20260928/lib/python3.14/site-packages/textual/message_pump.py 604
TASK <Task pending name='message pump SessionSort()' coro=<MessagePump._process_messages() running at /home/ts/.local/share/agent-comms/runtime-registry-tools-20260928/lib/python3.14/site-packages/textual/message_pump.py:604> wait_for=<Future pending cb=[Task.task_wakeup()]>>
AT /home/ts/.local/share/agent-comms/runtime-registry-tools-20260928/lib/python3.14/site-packages/textual/message_pump.py 604
TASK <Task pending name='message pump SessionSort()' coro=<MessagePump._process_messages() running at /home/ts/.local/share/agent-comms/runtime-registry-tools-20260928/lib/python3.14/site-packages/textual/message_pump.py:604> wait_for=<Future pending cb=[Task.task_wakeup()]>>
AT /home/ts/.local/share/agent-comms/runtime-registry-tools-20260928/lib/python3.14/site-packages/textual/message_pump.py 604
TASK <Task pending name="message pump SessionLabel(id='session-1')" coro=<MessagePump._process_messages() running at /home/ts/.local/share/agent-comms/runtime-registry-tools-20260928/lib/python3.14/site-packages/textual/message_pump.py:604> wait_for=<Future pending cb=[Task.task_wakeup()]>>
AT /home/ts/.local/share/agent-comms/runtime-registry-tools-20260928/lib/python3.14/site-packages/textual/message_pump.py 604
TASK <Task pending name="message pump Label(id='prompt')" coro=<MessagePump._process_messages() running at /home/ts/.local/share/agent-comms/runtime-registry-tools-20260928/lib/python3.14/site-packages/textual/message_pump.py:604> wait_for=<Future pending cb=[Task.task_wakeup()]>>
AT /home/ts/.local/share/agent-comms/runtime-registry-tools-20260928/lib/python3.14/site-packages/textual/message_pump.py 604
TASK <Task pending name='message pump ChannelGroup()' coro=<MessagePump._process_messages() running at /home/ts/.local/share/agent-comms/runtime-registry-tools-20260928/lib/python3.14/site-packages/textual/message_pump.py:604> wait_for=<Future pending cb=[Task.task_wakeup()]>>
AT /home/ts/.local/share/agent-comms/runtime-registry-tools-20260928/lib/python3.14/site-packages/textual/message_pump.py 604
TASK <Task pending name='message pump ChannelDisclosure()' coro=<MessagePump._process_messages() running at /home/ts/.local/share/agent-comms/runtime-registry-tools-20260928/lib/python3.14/site-packages/textual/message_pump.py:604> wait_for=<Future pending cb=[Task.task_wakeup()]>>
AT /home/ts/.local/share/agent-comms/runtime-registry-tools-20260928/lib/python3.14/site-packages/textual/message_pump.py 604
TASK <Task pending name='message pump SessionSort()' coro=<MessagePump._process_messages() running at /home/ts/.local/share/agent-comms/runtime-registry-tools-20260928/lib/python3.14/site-packages/textual/message_pump.py:604> wait_for=<Future pending cb=[Task.task_wakeup()]>>
AT /home/ts/.local/share/agent-comms/runtime-registry-tools-20260928/lib/python3.14/site-packages/textual/message_pump.py 604
TASK <Task pending name="message pump SidebarAction(id='sidebar-right', classes='-direction')" coro=<MessagePump._process_messages() running at /home/ts/.local/share/agent-comms/runtime-registry-tools-20260928/lib/python3.14/site-packages/textual/message_pump.py:604> wait_for=<Future pending cb=[Task.task_wakeup()]>>
AT /home/ts/.local/share/agent-comms/runtime-registry-tools-20260928/lib/python3.14/site-packages/textual/message_pump.py 604
TASK <Task pending name="message pump SidebarHeader(classes='group-header')" coro=<MessagePump._process_messages() running at /home/ts/.local/share/agent-comms/runtime-registry-tools-20260928/lib/python3.14/site-packages/textual/message_pump.py:604> wait_for=<Future pending cb=[Task.task_wakeup()]>>
AT /home/ts/.local/share/agent-comms/runtime-registry-tools-20260928/lib/python3.14/site-packages/textual/message_pump.py 604
TASK <Task pending name="message pump MarkdownH2(id='heading-critical-context-140427671528912', name='heading_open', classes='level-0')" coro=<MessagePump._process_messages() running at /home/ts/.local/share/agent-comms/runtime-registry-tools-20260928/lib/python3.14/site-packages/textual/message_pump.py:604> wait_for=<Future pending cb=[Task.task_wakeup()]>>
AT /home/ts/.local/share/agent-comms/runtime-registry-tools-20260928/lib/python3.14/site-packages/textual/message_pump.py 604
TASK <Task pending name='message pump ChannelGroup()' coro=<MessagePump._process_messages() running at /home/ts/.local/share/agent-comms/runtime-registry-tools-20260928/lib/python3.14/site-packages/textual/message_pump.py:604> wait_for=<Future pending cb=[Task.task_wakeup()]>>
AT /home/ts/.local/share/agent-comms/runtime-registry-tools-20260928/lib/python3.14/site-packages/textual/message_pump.py 604
TASK <Task pending name='message pump ChannelListSort()' coro=<MessagePump._process_messages() running at /home/ts/.local/share/agent-comms/runtime-registry-tools-20260928/lib/python3.14/site-packages/textual/message_pump.py:604> wait_for=<Future pending cb=[Task.task_wakeup()]>>
AT /home/ts/.local/share/agent-comms/runtime-registry-tools-20260928/lib/python3.14/site-packages/textual/message_pump.py 604
TASK <Task pending name='message pump ChannelGroup()' coro=<MessagePump._process_messages() running at /home/ts/.local/share/agent-comms/runtime-registry-tools-20260928/lib/python3.14/site-packages/textual/message_pump.py:604> wait_for=<Future pending cb=[Task.task_wakeup()]>>
AT /home/ts/.local/share/agent-comms/runtime-registry-tools-20260928/lib/python3.14/site-packages/textual/message_pump.py 604
TASK <Task pending name="message pump SidebarMembers(classes='group-members channel-members')" coro=<MessagePump._process_messages() running at /home/ts/.local/share/agent-comms/runtime-registry-tools-20260928/lib/python3.14/site-packages/textual/message_pump.py:604> wait_for=<Future pending cb=[Task.task_wakeup()]>>
AT /home/ts/.local/share/agent-comms/runtime-registry-tools-20260928/lib/python3.14/site-packages/textual/message_pump.py 604
TASK <Task pending name='Task-1' coro=<main() running at /home/ts/wt/comms-acp-saved-session-startup-20260928/evidence/registry-tools-deployment/live_native_history.py:49> cb=[_run_until_complete_cb() at /home/ts/.local/share/uv/python/cpython-3.14.2-linux-x86_64-gnu/lib/python3.14/asyncio/base_events.py:181]>
AT /home/ts/wt/comms-acp-saved-session-startup-20260928/evidence/registry-tools-deployment/live_native_history.py 55
AT /home/ts/.local/share/uv/python/cpython-3.14.2-linux-x86_64-gnu/lib/python3.14/asyncio/runners.py 204
AT /home/ts/.local/share/uv/python/cpython-3.14.2-linux-x86_64-gnu/lib/python3.14/asyncio/runners.py 127
AT /home/ts/.local/share/uv/python/cpython-3.14.2-linux-x86_64-gnu/lib/python3.14/asyncio/base_events.py 706
AT /home/ts/.local/share/uv/python/cpython-3.14.2-linux-x86_64-gnu/lib/python3.14/asyncio/base_events.py 677
AT /home/ts/.local/share/uv/python/cpython-3.14.2-linux-x86_64-gnu/lib/python3.14/asyncio/base_events.py 2046
AT /home/ts/.local/share/uv/python/cpython-3.14.2-linux-x86_64-gnu/lib/python3.14/asyncio/events.py 94
AT /home/ts/wt/comms-acp-saved-session-startup-20260928/evidence/registry-tools-deployment/live_native_history.py 51
TASK <Task pending name="message pump Checkbox(id='filter-other', classes='-textual-compact message-filter')" coro=<MessagePump._process_messages() running at /home/ts/.local/share/agent-comms/runtime-registry-tools-20260928/lib/python3.14/site-packages/textual/message_pump.py:604> wait_for=<Future pending cb=[Task.task_wakeup()]>>
AT /home/ts/.local/share/agent-comms/runtime-registry-tools-20260928/lib/python3.14/site-packages/textual/message_pump.py 604
TASK <Task pending name="message pump VerticalGroup(id='contents')" coro=<MessagePump._process_messages() running at /home/ts/.local/share/agent-comms/runtime-registry-tools-20260928/lib/python3.14/site-packages/textual/message_pump.py:604> wait_for=<Future pending cb=[Task.task_wakeup()]>>
AT /home/ts/.local/share/agent-comms/runtime-registry-tools-20260928/lib/python3.14/site-packages/textual/message_pump.py 604
TASK <Task pending name="message pump PromptTextArea(classes='-textual-compact')" coro=<MessagePump._process_messages() running at /home/ts/.local/share/agent-comms/runtime-registry-tools-20260928/lib/python3.14/site-packages/textual/message_pump.py:604> wait_for=<Future pending cb=[Task.task_wakeup()]>>
AT /home/ts/.local/share/agent-comms/runtime-registry-tools-20260928/lib/python3.14/site-packages/textual/message_pump.py 604
TASK <Task pending name='message pump ChannelGroup()' coro=<MessagePump._process_messages() running at /home/ts/.local/share/agent-comms/runtime-registry-tools-20260928/lib/python3.14/site-packages/textual/message_pump.py:604> wait_for=<Future pending cb=[Task.task_wakeup()]>>
AT /home/ts/.local/share/agent-comms/runtime-registry-tools-20260928/lib/python3.14/site-packages/textual/message_pump.py 604
TASK <Task pending name="message pump ChannelsSidebar(id='channels-sidebar')" coro=<MessagePump._process_messages() running at /home/ts/.local/share/agent-comms/runtime-registry-tools-20260928/lib/python3.14/site-packages/textual/message_pump.py:604> wait_for=<Future pending cb=[Task.task_wakeup()]>>
AT /home/ts/.local/share/agent-comms/runtime-registry-tools-20260928/lib/python3.14/site-packages/textual/message_pump.py 604
TASK <Task pending name='message pump ChannelGroup()' coro=<MessagePump._process_messages() running at /home/ts/.local/share/agent-comms/runtime-registry-tools-20260928/lib/python3.14/site-packages/textual/message_pump.py:604> wait_for=<Future pending cb=[Task.task_wakeup()]>>
AT /home/ts/.local/share/agent-comms/runtime-registry-tools-20260928/lib/python3.14/site-packages/textual/message_pump.py 604
TASK <Task pending name='message pump ChannelGroup()' coro=<MessagePump._process_messages() running at /home/ts/.local/share/agent-comms/runtime-registry-tools-20260928/lib/python3.14/site-packages/textual/message_pump.py:604> wait_for=<Future pending cb=[Task.task_wakeup()]>>
AT /home/ts/.local/share/agent-comms/runtime-registry-tools-20260928/lib/python3.14/site-packages/textual/message_pump.py 604
TASK <Task pending name="message pump Vertical(id='sidebar-controls')" coro=<MessagePump._process_messages() running at /home/ts/.local/share/agent-comms/runtime-registry-tools-20260928/lib/python3.14/site-packages/textual/message_pump.py:604> wait_for=<Future pending cb=[Task.task_wakeup()]>>
AT /home/ts/.local/share/agent-comms/runtime-registry-tools-20260928/lib/python3.14/site-packages/textual/message_pump.py 604
TASK <Task pending name='message pump NewSessionButton()' coro=<MessagePump._process_messages() running at /home/ts/.local/share/agent-comms/runtime-registry-tools-20260928/lib/python3.14/site-packages/textual/message_pump.py:604> wait_for=<Future pending cb=[Task.task_wakeup()]>>
AT /home/ts/.local/share/agent-comms/runtime-registry-tools-20260928/lib/python3.14/site-packages/textual/message_pump.py 604
TASK <Task pending name='message pump ChannelGroup()' coro=<MessagePump._process_messages() running at /home/ts/.local/share/agent-comms/runtime-registry-tools-20260928/lib/python3.14/site-packages/textual/message_pump.py:604> wait_for=<Future pending cb=[Task.task_wakeup()]>>
AT /home/ts/.local/share/agent-comms/runtime-registry-tools-20260928/lib/python3.14/site-packages/textual/message_pump.py 604
TASK <Task pending name="message pump SidebarHeader(classes='group-header')" coro=<MessagePump._process_messages() running at /home/ts/.local/share/agent-comms/runtime-registry-tools-20260928/lib/python3.14/site-packages/textual/message_pump.py:604> wait_for=<Future pending cb=[Task.task_wakeup()]>>
AT /home/ts/.local/share/agent-comms/runtime-registry-tools-20260928/lib/python3.14/site-packages/textual/message_pump.py 604
TASK <Task pending name='set_interval#1' coro=<Timer._run_timer() running at /home/ts/.local/share/agent-comms/runtime-registry-tools-20260928/lib/python3.14/site-packages/textual/timer.py:148> wait_for=<Future pending cb=[Task.task_wakeup()]>>
AT /home/ts/.local/share/agent-comms/runtime-registry-tools-20260928/lib/python3.14/site-packages/textual/timer.py 148
TASK <Task pending name='message pump ChannelGroup()' coro=<MessagePump._process_messages() running at /home/ts/.local/share/agent-comms/runtime-registry-tools-20260928/lib/python3.14/site-packages/textual/message_pump.py:604> wait_for=<Future pending cb=[Task.task_wakeup()]>>
AT /home/ts/.local/share/agent-comms/runtime-registry-tools-20260928/lib/python3.14/site-packages/textual/message_pump.py 604
TASK <Task pending name="message pump CommsRow(classes='group-title channel-header')" coro=<MessagePump._process_messages() running at /home/ts/.local/share/agent-comms/runtime-registry-tools-20260928/lib/python3.14/site-packages/textual/message_pump.py:604> wait_for=<Future pending cb=[Task.task_wakeup()]>>
AT /home/ts/.local/share/agent-comms/runtime-registry-tools-20260928/lib/python3.14/site-packages/textual/message_pump.py 604
TASK <Task pending name='message pump CollapsibleTitle()' coro=<MessagePump._process_messages() running at /home/ts/.local/share/agent-comms/runtime-registry-tools-20260928/lib/python3.14/site-packages/textual/message_pump.py:604> wait_for=<Future pending cb=[Task.task_wakeup()]>>
AT /home/ts/.local/share/agent-comms/runtime-registry-tools-20260928/lib/python3.14/site-packages/textual/message_pump.py 604
TASK <Task pending name="message pump Static(classes='goal-header')" coro=<MessagePump._process_messages() running at /home/ts/.local/share/agent-comms/runtime-registry-tools-20260928/lib/python3.14/site-packages/textual/message_pump.py:604> wait_for=<Future pending cb=[Task.task_wakeup()]>>
AT /home/ts/.local/share/agent-comms/runtime-registry-tools-20260928/lib/python3.14/site-packages/textual/message_pump.py 604
TASK <Task pending name='message pump SelectionOptionList()' coro=<MessagePump._process_messages() running at /home/ts/.local/share/agent-comms/runtime-registry-tools-20260928/lib/python3.14/site-packages/textual/message_pump.py:604> wait_for=<Future pending cb=[Task.task_wakeup()]>>
AT /home/ts/.local/share/agent-comms/runtime-registry-tools-20260928/lib/python3.14/site-packages/textual/message_pump.py 604
TASK <Task pending name='message pump ChannelGroup()' coro=<MessagePump._process_messages() running at /home/ts/.local/share/agent-comms/runtime-registry-tools-20260928/lib/python3.14/site-packages/textual/message_pump.py:604> wait_for=<Future pending cb=[Task.task_wakeup()]>>
AT /home/ts/.local/share/agent-comms/runtime-registry-tools-20260928/lib/python3.14/site-packages/textual/message_pump.py 604
TASK <Task pending name="message pump SidebarMembers(classes='group-members channel-members')" coro=<MessagePump._process_messages() running at /home/ts/.local/share/agent-comms/runtime-registry-tools-20260928/lib/python3.14/site-packages/textual/message_pump.py:604> wait_for=<Future pending cb=[Task.task_wakeup()]>>
AT /home/ts/.local/share/agent-comms/runtime-registry-tools-20260928/lib/python3.14/site-packages/textual/message_pump.py 604
TASK <Task pending name="message pump Footer(classes='-compact')" coro=<MessagePump._process_messages() running at /home/ts/.local/share/agent-comms/runtime-registry-tools-20260928/lib/python3.14/site-packages/textual/message_pump.py:604> wait_for=<Future pending cb=[Task.task_wakeup()]>>
AT /home/ts/.local/share/agent-comms/runtime-registry-tools-20260928/lib/python3.14/site-packages/textual/message_pump.py 604
TASK <Task pending name="message pump SidebarHeader(classes='sidebar-header')" coro=<MessagePump._process_messages() running at /home/ts/.local/share/agent-comms/runtime-registry-tools-20260928/lib/python3.14/site-packages/textual/message_pump.py:604> wait_for=<Future pending cb=[Task.task_wakeup()]>>
AT /home/ts/.local/share/agent-comms/runtime-registry-tools-20260928/lib/python3.14/site-packages/textual/message_pump.py 604
TASK <Task pending name="message pump HorizontalGroup(classes='delivery-controls')" coro=<MessagePump._process_messages() running at /home/ts/.local/share/agent-comms/runtime-registry-tools-20260928/lib/python3.14/site-packages/textual/message_pump.py:604> wait_for=<Future pending cb=[Task.task_wakeup()]>>
AT /home/ts/.local/share/agent-comms/runtime-registry-tools-20260928/lib/python3.14/site-packages/textual/message_pump.py 604
TASK <Task pending name='message pump FooterKey()' coro=<MessagePump._process_messages() running at /home/ts/.local/share/agent-comms/runtime-registry-tools-20260928/lib/python3.14/site-packages/textual/message_pump.py:604> wait_for=<Future pending cb=[Task.task_wakeup()]>>
AT /home/ts/.local/share/agent-comms/runtime-registry-tools-20260928/lib/python3.14/site-packages/textual/message_pump.py 604
TASK <Task pending name='message pump ChannelGroup()' coro=<MessagePump._process_messages() running at /home/ts/.local/share/agent-comms/runtime-registry-tools-20260928/lib/python3.14/site-packages/textual/message_pump.py:604> wait_for=<Future pending cb=[Task.task_wakeup()]>>
AT /home/ts/.local/share/agent-comms/runtime-registry-tools-20260928/lib/python3.14/site-packages/textual/message_pump.py 604
TASK <Task pending name="message pump MarkdownH2(id='heading-next-steps-140427984654480', name='heading_open', classes='level-0')" coro=<MessagePump._process_messages() running at /home/ts/.local/share/agent-comms/runtime-registry-tools-20260928/lib/python3.14/site-packages/textual/message_pump.py:604> wait_for=<Future pending cb=[Task.task_wakeup()]>>
AT /home/ts/.local/share/agent-comms/runtime-registry-tools-20260928/lib/python3.14/site-packages/textual/message_pump.py 604
TASK <Task pending name='message pump CollapsibleTitle()' coro=<MessagePump._process_messages() running at /home/ts/.local/share/agent-comms/runtime-registry-tools-20260928/lib/python3.14/site-packages/textual/message_pump.py:604> wait_for=<Future pending cb=[Task.task_wakeup()]>>
AT /home/ts/.local/share/agent-comms/runtime-registry-tools-20260928/lib/python3.14/site-packages/textual/message_pump.py 604
TASK <Task pending name='message pump Contents()' coro=<MessagePump._process_messages() running at /home/ts/.local/share/agent-comms/runtime-registry-tools-20260928/lib/python3.14/site-packages/textual/message_pump.py:604> wait_for=<Future pending cb=[Task.task_wakeup()]>>
AT /home/ts/.local/share/agent-comms/runtime-registry-tools-20260928/lib/python3.14/site-packages/textual/message_pump.py 604
TASK <Task pending name='message pump ProjectPanel()' coro=<MessagePump._process_messages() running at /home/ts/.local/share/agent-comms/runtime-registry-tools-20260928/lib/python3.14/site-packages/textual/message_pump.py:604> wait_for=<Future pending cb=[Task.task_wakeup()]>>
AT /home/ts/.local/share/agent-comms/runtime-registry-tools-20260928/lib/python3.14/site-packages/textual/message_pump.py 604
TASK <Task pending name="message pump SessionTabClose(id='close-session-1')" coro=<MessagePump._process_messages() running at /home/ts/.local/share/agent-comms/runtime-registry-tools-20260928/lib/python3.14/site-packages/textual/message_pump.py:604> wait_for=<Future pending cb=[Task.task_wakeup()]>>
AT /home/ts/.local/share/agent-comms/runtime-registry-tools-20260928/lib/python3.14/site-packages/textual/message_pump.py 604
TASK <Task pending name='message pump ChannelGroup()' coro=<MessagePump._process_messages() running at /home/ts/.local/share/agent-comms/runtime-registry-tools-20260928/lib/python3.14/site-packages/textual/message_pump.py:604> wait_for=<Future pending cb=[Task.task_wakeup()]>>
AT /home/ts/.local/share/agent-comms/runtime-registry-tools-20260928/lib/python3.14/site-packages/textual/message_pump.py 604
TASK <Task pending name="message pump MainScreen(id='session-1')" coro=<MessagePump._process_messages() running at /home/ts/.local/share/agent-comms/runtime-registry-tools-20260928/lib/python3.14/site-packages/textual/message_pump.py:604> wait_for=<Future pending cb=[Task.task_wakeup()]>>
AT /home/ts/.local/share/agent-comms/runtime-registry-tools-20260928/lib/python3.14/site-packages/textual/message_pump.py 604
TASK <Task pending name="message pump FooterKey(classes='-command-palette')" coro=<MessagePump._process_messages() running at /home/ts/.local/share/agent-comms/runtime-registry-tools-20260928/lib/python3.14/site-packages/textual/message_pump.py:604> wait_for=<Future pending cb=[Task.task_wakeup()]>>
AT /home/ts/.local/share/agent-comms/runtime-registry-tools-20260928/lib/python3.14/site-packages/textual/message_pump.py 604
TASK <Task pending name='message pump ChannelGroup()' coro=<MessagePump._process_messages() running at /home/ts/.local/share/agent-comms/runtime-registry-tools-20260928/lib/python3.14/site-packages/textual/message_pump.py:604> wait_for=<Future pending cb=[Task.task_wakeup()]>>
AT /home/ts/.local/share/agent-comms/runtime-registry-tools-20260928/lib/python3.14/site-packages/textual/message_pump.py 604
TASK <Task pending name="message pump DeliveryInspect(id='delivery-inspect')" coro=<MessagePump._process_messages() running at /home/ts/.local/share/agent-comms/runtime-registry-tools-20260928/lib/python3.14/site-packages/textual/message_pump.py:604> wait_for=<Future pending cb=[Task.task_wakeup()]>>
AT /home/ts/.local/share/agent-comms/runtime-registry-tools-20260928/lib/python3.14/site-packages/textual/message_pump.py 604
TASK <Task pending name='message pump ChannelGroup()' coro=<MessagePump._process_messages() running at /home/ts/.local/share/agent-comms/runtime-registry-tools-20260928/lib/python3.14/site-packages/textual/message_pump.py:604> wait_for=<Future pending cb=[Task.task_wakeup()]>>
AT /home/ts/.local/share/agent-comms/runtime-registry-tools-20260928/lib/python3.14/site-packages/textual/message_pump.py 604
TASK <Task pending name='message pump Contents()' coro=<MessagePump._process_messages() running at /home/ts/.local/share/agent-comms/runtime-registry-tools-20260928/lib/python3.14/site-packages/textual/message_pump.py:604> wait_for=<Future pending cb=[Task.task_wakeup()]>>
AT /home/ts/.local/share/agent-comms/runtime-registry-tools-20260928/lib/python3.14/site-packages/textual/message_pump.py 604
TASK <Task pending name='message pump ModelSwitcher()' coro=<MessagePump._process_messages() running at /home/ts/.local/share/agent-comms/runtime-registry-tools-20260928/lib/python3.14/site-packages/textual/message_pump.py:604> wait_for=<Future pending cb=[Task.task_wakeup()]>>
AT /home/ts/.local/share/agent-comms/runtime-registry-tools-20260928/lib/python3.14/site-packages/textual/message_pump.py 604
TASK <Task pending name='message pump ChannelGroup()' coro=<MessagePump._process_messages() running at /home/ts/.local/share/agent-comms/runtime-registry-tools-20260928/lib/python3.14/site-packages/textual/message_pump.py:604> wait_for=<Future pending cb=[Task.task_wakeup()]>>
AT /home/ts/.local/share/agent-comms/runtime-registry-tools-20260928/lib/python3.14/site-packages/textual/message_pump.py 604
TASK <Task pending name="message pump MarkdownParagraph(name='paragraph_open', classes='level-2')" coro=<MessagePump._process_messages() running at /home/ts/.local/share/agent-comms/runtime-registry-tools-20260928/lib/python3.14/site-packages/textual/message_pump.py:604> wait_for=<Future pending cb=[Task.task_wakeup()]>>
AT /home/ts/.local/share/agent-comms/runtime-registry-tools-20260928/lib/python3.14/site-packages/textual/message_pump.py 604
TASK <Task pending name='message pump ChannelGroup()' coro=<MessagePump._process_messages() running at /home/ts/.local/share/agent-comms/runtime-registry-tools-20260928/lib/python3.14/site-packages/textual/message_pump.py:604> wait_for=<Future pending cb=[Task.task_wakeup()]>>
AT /home/ts/.local/share/agent-comms/runtime-registry-tools-20260928/lib/python3.14/site-packages/textual/message_pump.py 604
TASK <Task pending name="message pump SidebarHeader(classes='group-header')" coro=<MessagePump._process_messages() running at /home/ts/.local/share/agent-comms/runtime-registry-tools-20260928/lib/python3.14/site-packages/textual/message_pump.py:604> wait_for=<Future pending cb=[Task.task_wakeup()]>>
AT /home/ts/.local/share/agent-comms/runtime-registry-tools-20260928/lib/python3.14/site-packages/textual/message_pump.py 604
TASK <Task pending name='set_interval#1' coro=<Timer._run_timer() running at /home/ts/.local/share/agent-comms/runtime-registry-tools-20260928/lib/python3.14/site-packages/textual/timer.py:148> wait_for=<Future pending cb=[Task.task_wakeup()]>>
AT /home/ts/.local/share/agent-comms/runtime-registry-tools-20260928/lib/python3.14/site-packages/textual/timer.py 148
TASK <Task pending name='message pump ChannelGroup()' coro=<MessagePump._process_messages() running at /home/ts/.local/share/agent-comms/runtime-registry-tools-20260928/lib/python3.14/site-packages/textual/message_pump.py:604> wait_for=<Future pending cb=[Task.task_wakeup()]>>
AT /home/ts/.local/share/agent-comms/runtime-registry-tools-20260928/lib/python3.14/site-packages/textual/message_pump.py 604
TASK <Task pending name='message pump TranscriptHistory()' coro=<MessagePump._process_messages() running at /home/ts/.local/share/agent-comms/runtime-registry-tools-20260928/lib/python3.14/site-packages/textual/message_pump.py:604> wait_for=<Future pending cb=[Task.task_wakeup()]>>
AT /home/ts/.local/share/agent-comms/runtime-registry-tools-20260928/lib/python3.14/site-packages/textual/message_pump.py 604
TASK <Task pending name='message pump Horizontal()' coro=<MessagePump._process_messages() running at /home/ts/.local/share/agent-comms/runtime-registry-tools-20260928/lib/python3.14/site-packages/textual/message_pump.py:604> wait_for=<Future pending cb=[Task.task_wakeup()]>>
AT /home/ts/.local/share/agent-comms/runtime-registry-tools-20260928/lib/python3.14/site-packages/textual/message_pump.py 604
TASK <Task pending name="message pump SessionLabel(id='session-1', classes='-current')" coro=<MessagePump._process_messages() running at /home/ts/.local/share/agent-comms/runtime-registry-tools-20260928/lib/python3.14/site-packages/textual/message_pump.py:604> wait_for=<Future pending cb=[Task.task_wakeup()]>>
AT /home/ts/.local/share/agent-comms/runtime-registry-tools-20260928/lib/python3.14/site-packages/textual/message_pump.py 604
TASK <Task pending name="message pump Static(classes='relationship-context')" coro=<MessagePump._process_messages() running at /home/ts/.local/share/agent-comms/runtime-registry-tools-20260928/lib/python3.14/site-packages/textual/message_pump.py:604> wait_for=<Future pending cb=[Task.task_wakeup()]>>
AT /home/ts/.local/share/agent-comms/runtime-registry-tools-20260928/lib/python3.14/site-packages/textual/message_pump.py 604
TASK <Task pending name='message pump ChannelGroup()' coro=<MessagePump._process_messages() running at /home/ts/.local/share/agent-comms/runtime-registry-tools-20260928/lib/python3.14/site-packages/textual/message_pump.py:604> wait_for=<Future pending cb=[Task.task_wakeup()]>>
AT /home/ts/.local/share/agent-comms/runtime-registry-tools-20260928/lib/python3.14/site-packages/textual/message_pump.py 604
TASK <Task pending name="message pump TranscriptFragmentView(classes='-unrouted -message-other')" coro=<MessagePump._process_messages() running at /home/ts/.local/share/agent-comms/runtime-registry-tools-20260928/lib/python3.14/site-packages/textual/message_pump.py:604> wait_for=<Future pending cb=[Task.task_wakeup()]>>
AT /home/ts/.local/share/agent-comms/runtime-registry-tools-20260928/lib/python3.14/site-packages/textual/message_pump.py 604
TASK <Task pending name="message pump Horizontal(id='tab-navigation-header')" coro=<MessagePump._process_messages() running at /home/ts/.local/share/agent-comms/runtime-registry-tools-20260928/lib/python3.14/site-packages/textual/message_pump.py:604> wait_for=<Future pending cb=[Task.task_wakeup()]>>
AT /home/ts/.local/share/agent-comms/runtime-registry-tools-20260928/lib/python3.14/site-packages/textual/message_pump.py 604
TASK <Task pending name='message pump ChannelGroup()' coro=<MessagePump._process_messages() running at /home/ts/.local/share/agent-comms/runtime-registry-tools-20260928/lib/python3.14/site-packages/textual/message_pump.py:604> wait_for=<Future pending cb=[Task.task_wakeup()]>>
AT /home/ts/.local/share/agent-comms/runtime-registry-tools-20260928/lib/python3.14/site-packages/textual/message_pump.py 604
TASK <Task pending name='screen_update' coro=<Timer._run_timer() running at /home/ts/.local/share/agent-comms/runtime-registry-tools-20260928/lib/python3.14/site-packages/textual/timer.py:148> wait_for=<Future pending cb=[Task.task_wakeup()]>>
AT /home/ts/.local/share/agent-comms/runtime-registry-tools-20260928/lib/python3.14/site-packages/textual/timer.py 148
TASK <Task pending name='message pump ChannelGroup()' coro=<MessagePump._process_messages() running at /home/ts/.local/share/agent-comms/runtime-registry-tools-20260928/lib/python3.14/site-packages/textual/message_pump.py:604> wait_for=<Future pending cb=[Task.task_wakeup()]>>
AT /home/ts/.local/share/agent-comms/runtime-registry-tools-20260928/lib/python3.14/site-packages/textual/message_pump.py 604
TASK <Task pending name='message pump SessionSort()' coro=<MessagePump._process_messages() running at /home/ts/.local/share/agent-comms/runtime-registry-tools-20260928/lib/python3.14/site-packages/textual/message_pump.py:604> wait_for=<Future pending cb=[Task.task_wakeup()]>>
AT /home/ts/.local/share/agent-comms/runtime-registry-tools-20260928/lib/python3.14/site-packages/textual/message_pump.py 604
TASK <Task pending name='message pump ChannelGroup()' coro=<MessagePump._process_messages() running at /home/ts/.local/share/agent-comms/runtime-registry-tools-20260928/lib/python3.14/site-packages/textual/message_pump.py:604> wait_for=<Future pending cb=[Task.task_wakeup()]>>
AT /home/ts/.local/share/agent-comms/runtime-registry-tools-20260928/lib/python3.14/site-packages/textual/message_pump.py 604
TASK <Task pending name='set_interval#1' coro=<Timer._run_timer() running at /home/ts/.local/share/agent-comms/runtime-registry-tools-20260928/lib/python3.14/site-packages/textual/timer.py:148> wait_for=<Future finished result=None>>
AT /home/ts/.local/share/agent-comms/runtime-registry-tools-20260928/lib/python3.14/site-packages/textual/timer.py 148
TASK <Task pending name='message pump CollapsibleTitle()' coro=<MessagePump._process_messages() running at /home/ts/.local/share/agent-comms/runtime-registry-tools-20260928/lib/python3.14/site-packages/textual/message_pump.py:604> wait_for=<Future pending cb=[Task.task_wakeup()]>>
AT /home/ts/.local/share/agent-comms/runtime-registry-tools-20260928/lib/python3.14/site-packages/textual/message_pump.py 604
TASK <Task pending name='message pump ChannelGroup()' coro=<MessagePump._process_messages() running at /home/ts/.local/share/agent-comms/runtime-registry-tools-20260928/lib/python3.14/site-packages/textual/message_pump.py:604> wait_for=<Future pending cb=[Task.task_wakeup()]>>
AT /home/ts/.local/share/agent-comms/runtime-registry-tools-20260928/lib/python3.14/site-packages/textual/message_pump.py 604
TASK <Task pending name='message pump SessionSort()' coro=<MessagePump._process_messages() running at /home/ts/.local/share/agent-comms/runtime-registry-tools-20260928/lib/python3.14/site-packages/textual/message_pump.py:604> wait_for=<Future pending cb=[Task.task_wakeup()]>>
AT /home/ts/.local/share/agent-comms/runtime-registry-tools-20260928/lib/python3.14/site-packages/textual/message_pump.py 604
Traceback (most recent call last):
  File "/home/ts/wt/comms-acp-saved-session-startup-20260928/evidence/registry-tools-deployment/live_native_history.py", line 34, in main
    await pilot.pause(.1)
  File "/home/ts/.local/share/agent-comms/runtime-registry-tools-20260928/lib/python3.14/site-packages/textual/pilot.py", line 542, in pause
    await self._wait_for_screen()
  File "/home/ts/.local/share/agent-comms/runtime-registry-tools-20260928/lib/python3.14/site-packages/textual/pilot.py", line 513, in _wait_for_screen
    _, pending = await asyncio.wait(
                 ^^^^^^^^^^^^^^^^^^^
    ...<3 lines>...
    )
    ^
  File "/home/ts/.local/share/uv/python/cpython-3.14.2-linux-x86_64-gnu/lib/python3.14/asyncio/tasks.py", line 432, in wait
    return await _wait(fs, timeout, return_when, loop)
           ^^^^^^^^^^^^^^^^^^^^^^^^^^^^^^^^^^^^^^^^^^^
  File "/home/ts/.local/share/uv/python/cpython-3.14.2-linux-x86_64-gnu/lib/python3.14/asyncio/tasks.py", line 521, in _wait
    await waiter
asyncio.exceptions.CancelledError

The above exception was the direct cause of the following exception:

Traceback (most recent call last):
  File "/home/ts/wt/comms-acp-saved-session-startup-20260928/evidence/registry-tools-deployment/live_native_history.py", line 55, in <module>
    asyncio.run(main())
    ~~~~~~~~~~~^^^^^^^^
  File "/home/ts/.local/share/uv/python/cpython-3.14.2-linux-x86_64-gnu/lib/python3.14/asyncio/runners.py", line 204, in run
    return runner.run(main)
           ~~~~~~~~~~^^^^^^
  File "/home/ts/.local/share/uv/python/cpython-3.14.2-linux-x86_64-gnu/lib/python3.14/asyncio/runners.py", line 127, in run
    return self._loop.run_until_complete(task)
           ~~~~~~~~~~~~~~~~~~~~~~~~~~~~~^^^^^^
  File "/home/ts/.local/share/uv/python/cpython-3.14.2-linux-x86_64-gnu/lib/python3.14/asyncio/base_events.py", line 719, in run_until_complete
    return future.result()
           ~~~~~~~~~~~~~^^
  File "/home/ts/wt/comms-acp-saved-session-startup-20260928/evidence/registry-tools-deployment/live_native_history.py", line 32, in main
    async with asyncio.timeout(45):
               ~~~~~~~~~~~~~~~^^^^
  File "/home/ts/.local/share/uv/python/cpython-3.14.2-linux-x86_64-gnu/lib/python3.14/asyncio/timeouts.py", line 114, in __aexit__
    raise TimeoutError from exc_val
TimeoutError
